data_1,data_2,data_3,data_4,data_5,data_6,data_7,data_8,data_9,data_10,data_11,data_12,data_13,data_14
0.383683488103626,0.127723672945205,3205.98647295405,4.29772199119374,0.0139636607188321,8.62350706335616,56.6338510447706,1.17951788399251,1.26696711385792,0.383506505840953,-0.740826552805224,-0.537467903860906,0.779617518869007,1
0.358339180759557,0.131314976761252,3369.49475119829,4.24523299902153,0.014504721678924,8.51866056139922,54.2780775382751,1.24790133287088,1.33882981830792,0.380257006449466,-0.725562568037195,-0.554430563359833,0.8023255958089,1
0.471665317593938,0.102540973581213,2358.90692158611,4.10471272627202,0.0152326779635081,8.23786386986301,52.5331170406462,1.06311112082945,1.13233810737095,0.406618441157612,-0.852084038889147,-0.578802000983027,0.777528003737071,1
0.368255833200714,0.124981653620352,3384.94374128036,4.31925299657534,0.0139288605907768,8.66691230430528,56.9868905010371,1.2070068552808,1.29319752689993,0.387227918984229,-0.758008472357081,-0.562776619014079,0.799134233797275,1
0.401985690710929,0.111430558953033,2856.4998716189,4.1504739481409,0.0151048334504881,8.32970661081213,52.394982651196,1.18298708163401,1.25978545307024,0.398674421156828,-0.813369976934334,-0.593796953271438,0.810434562490331,1
0.43282655117086,0.119173495596869,2533.41973024959,4.06242049902153,0.0158002646630602,8.15369679549902,50.0239500278497,1.17005911693509,1.25272354493957,0.390894313517327,-0.776293093441957,-0.56105194096075,0.790723034967656,1
0.372481297516688,0.109413986056751,3378.82796222137,4.34043389187867,0.0137949909182254,8.70930237891389,58.1188050479045,1.17524335838456,1.2493489597504,0.401771674476247,-0.8281936771329,-0.605507983366838,0.814839454185456,1
0.370405762998959,0.101998990949119,3111.02111651443,4.14313998287671,0.0153541472658012,8.31490490459882,51.5614696309793,1.24380771602815,1.31465707804842,0.407564238982115,-0.856198491226941,-0.644677088514689,0.845875822342245,1
0.399215012840484,0.0947338246086106,2772.20139955304,4.06787625366928,0.0158819900246466,8.16415499633072,49.9352840811642,1.20226253769009,1.26813202826465,0.413941073139538,-0.887489063713298,-0.654148251507394,0.842906040167481,1
0.42815715110962,0.174261558219178,2334.26053689252,3.8759272566047,0.0175837228064358,7.78055130870841,43.9605792677459,1.24614850241031,1.37438832223405,0.345690203903238,-0.55925191381822,-0.433010147509317,0.730421020738374,1
0.450145837115448,0.126837695694716,2303.99265697874,3.95258454623288,0.0167727461119569,7.93393315802348,46.9035167141762,1.17633804814996,1.26576957390878,0.383865087291959,-0.742358587599029,-0.536029926004291,0.778459990520777,1
0.347490575562367,0.265355155332681,2926.12281522034,3.88897153253425,0.0178044625120294,7.8069219361546,42.4392720641739,1.40532970363285,1.61080101298208,0.291499503504953,-0.290990880864792,-0.331337289657146,0.688011370703993,1
0.391040846049033,0.11441872553816,2850.10710830517,4.08349819593933,0.0156841555153394,8.19546079990215,50.0234971863154,1.22204899286847,1.301195256266,0.394792652800938,-0.795025551807507,-0.592808782525162,0.817128782701415,1
0.367048887735728,0.102466823630137,3452.86221803559,4.3511772260274,0.0137868205356253,8.73068661325832,58.1218299469757,1.20359348106005,1.2729359611687,0.408465902972498,-0.86044251828119,-0.636981841745479,0.83521915309924,1
0.363787771663514,0.111897627201566,3433.02266030968,4.31923770792563,0.0139764158812861,8.66712022994129,57.0934992633652,1.20582517417647,1.28140911050274,0.399158152393427,-0.815969189882496,-0.606420743737316,0.820926451789395,1
0.519102057973984,0.09721823018591,2034.44645721293,4.00525165117417,0.016056805204747,8.03912900562622,50.2450801920728,1.0220604901596,1.08880993444155,0.410739506348748,-0.872734237338816,-0.580823838198993,0.769384917737163,1
0.434969601368916,0.10503073018591,2625.07903257974,4.14945266634051,0.0149832059229405,8.32753409368885,53.224648814702,1.11261367096874,1.18433897713957,0.404424399937872,-0.841104786245094,-0.590290846390384,0.794430004250998,1
0.445118740668379,0.104624816536204,2584.90462465065,4.16901831580235,0.0147989281079386,8.36637720156556,54.0283454996965,1.09250927419334,1.16410568758838,0.403932910140695,-0.838940326654735,-0.580640107664256,0.785081278155346,1
0.408895766199048,0.0999434319960861,3035.33058526741,4.32379984099804,0.0137430645593098,8.67613288894325,58.7662516707217,1.0860471567373,1.15277827273614,0.409901603320689,-0.8675969024677,-0.604641193237448,0.796078313949772,1
0.45940566688602,0.0942843383072407,2386.64202317585,4.069244587818,0.0155870133201606,8.16700785836595,51.2972950673554,1.08560773577226,1.14979033052784,0.413937048072627,-0.887776783313019,-0.617549300914928,0.802622409391887,1
0.422551788357309,0.128199914383562,2642.56933823458,4.09892291462818,0.0154763531388246,8.22654262475538,50.8347295982319,1.18422147653586,1.27346628121972,0.383561022402965,-0.740903602547003,-0.539410333365802,0.781931122947484,1
0.389924654159935,0.136300605430528,2882.82439734065,4.10388713918787,0.0154993181800984,8.23607127568493,50.3155489444547,1.23687353995404,1.33170765836648,0.374967293075096,-0.701071088802499,-0.52977385296807,0.786671118410665,1
0.442170511396105,0.116783879647749,2186.49506451996,3.81012567270059,0.0182327770935581,7.64917135518591,43.1950402028206,1.17647748962716,1.25880382071184,0.391650773120189,-0.780396154313382,-0.567152956934472,0.795318266271737,1
0.507838797051334,0.0978335983365949,1964.82360523723,3.88875443370842,0.0171446880585463,7.80654583537182,46.8046007614497,1.04205794995004,1.10988026978025,0.409852569014162,-0.868287717692369,-0.58407970590015,0.775747344261312,1
0.488100830123939,0.0926094667318982,2159.23650162724,3.99347021771037,0.016237943929418,8.01560053816047,49.4224862008499,1.06535243066654,1.12927656399418,0.415100786105125,-0.893802043064444,-0.614380880762342,0.79671260292037,1
0.456582923376182,0.112487769080235,2323.29365497709,4.00061766144814,0.0162341729656185,8.03015839041096,48.7428671552359,1.13328234124464,1.21094895705601,0.396377136668442,-0.803063336531053,-0.566167520143457,0.785831811339722,1
0.441295595639584,0.100244618395303,2638.29821271134,4.1928594361546,0.0146317517880128,8.41412365459882,54.8348219640729,1.0859150115366,1.15393291562588,0.40892331200063,-0.863103964193431,-0.597811827413899,0.792669070234033,1
0.338367611386041,0.209488136007828,3422.03711158746,4.15280546722114,0.0152792568541871,8.3339736729452,50.2158295649367,1.34693600662283,1.49888485911224,0.319264075346036,-0.436620346663645,-0.398483593786466,0.725994934267519,1
0.432800739416348,0.11134112035225,2691.17888948505,4.1926614481409,0.0146305009313489,8.41381941046967,54.508729965739,1.10745466817419,1.18348527093299,0.398368409975321,-0.811940076415705,-0.564800511040305,0.779777797585231,1
0.530905876812541,0.0783153436888454,2086.2710324922,4.10637230919765,0.0151159506651605,8.24116239603718,54.1381029153963,0.946815784153392,0.998554517023069,0.429694148507011,-0.966248892613767,-0.634292082966783,0.779112007431806,1
0.441291233327911,0.0984428510273973,3204.17222420391,4.62649828767123,0.011997804411191,9.28141435298434,68.8728027206243,1.05082676335392,1.11593362464652,0.413583256484185,-0.885412507714908,-0.608783762927912,0.790851394667816,1
0.424463260497285,0.0968306629158513,2785.23155329632,4.21976134417808,0.0145156149324132,8.46785561399217,55.3496203604898,1.11053914147068,1.17657903741457,0.412110117149282,-0.878748549703541,-0.620354083847473,0.809302355096977,1
0.398038053785943,0.102722144080235,3210.49335152797,4.38581748409981,0.0133603382086469,8.79991056139922,60.6138371232478,1.089584890016,1.15799869186996,0.408332710221973,-0.860030812412019,-0.600215823426546,0.794788403055587,1
0.415504781897081,0.0968696489726027,2966.04557417224,4.31004846501957,0.0138262779080191,8.64843367783758,58.4741856305776,1.07692996532411,1.14124739477891,0.412539719293045,-0.880920203838787,-0.611166151543123,0.797397332145622,1
0.445216670465252,0.0973091976516634,2581.79543776251,4.1656509907045,0.0148510295749745,8.3599376223092,54.0619329643127,1.08590967677913,1.15237002027492,0.411753047158747,-0.876761997197821,-0.609637144735675,0.798732370492068,1
0.451817064174068,0.0921408696183953,2434.38642782903,4.07255534491194,0.0156379036324228,8.17341227372799,51.1428247265547,1.10759277356801,1.17083203286886,0.415284774277374,-0.894865002974489,-0.630454545159607,0.813457875824809,1
0.389586713499015,0.107368364726027,2951.53943272721,4.1488021342955,0.0151515853331029,8.32618410591977,52.2037069755452,1.19722231420268,1.27041851879094,0.402267528036621,-0.830974603568439,-0.612080749928452,0.822036015191858,1
0.469145963256859,0.0901525807240705,2475.65635842613,4.19484848948141,0.0145357253196636,8.4182500611546,55.7794522993521,1.01929135231313,1.07874181334286,0.418210480481089,-0.909110888052135,-0.612430242307263,0.785055904573941,1
0.467579929667462,0.10886665239726,2280.65266263422,4.01494924168297,0.0160344052671541,8.05847832069472,49.4801886995301,1.1041177059051,1.17936969217626,0.399949410418225,-0.8197687898771,-0.568539382172941,0.781051218354703,1
0.412557636637473,0.110046171722114,2753.02583080154,4.13077834515656,0.0152285042797406,8.28985292318982,51.9572638325765,1.17158176812444,1.2475544586626,0.399262387682409,-0.816131272747211,-0.59163611824701,0.807103884973644,1
0.485876081297511,0.0995046477495108,2176.49454396595,4.00169474681996,0.0161055441697922,8.03195022015656,49.5779323802636,1.06735591799505,1.1354565630799,0.408236168399047,-0.860515440423906,-0.586440385886691,0.782513616642749,1
0.537523045905061,0.0757445572407045,1937.65588271919,3.98033726761252,0.0161661448023933,7.98942331213307,50.4265364751824,0.9554766779896,1.00619060405304,0.431183162278963,-0.974337892274625,-0.644522183649909,0.786271783698629,1
0.440796272314968,0.0932661142367906,2583.53127917562,4.14396404109589,0.0150358837753365,8.31638408145793,53.3117565074817,1.0969999942087,1.16010010481929,0.415240505845293,-0.89404400685463,-0.627103611525096,0.809617286826842,1
0.532895401584574,0.0822429977984345,1873.52553477953,3.89527045621331,0.016944292438389,7.81963750611546,47.8399152479724,0.972355731334393,1.02837400592012,0.424569434287317,-0.941332759906593,-0.620312070574148,0.778125214503229,1
0.448123775908773,0.141550727739726,2287.87957318617,3.93041829745597,0.0169648366532104,7.88984298556752,46.1842869656886,1.18354010139424,1.28699829967334,0.373090193845331,-0.687900716237251,-0.499215132414492,0.759489714056782,1
0.431408631169559,0.0888782717710372,2782.31024184163,4.25519661203522,0.0142043235582624,8.53880029965753,56.9554711189226,1.06920150231689,1.1286801845715,0.419572880909863,-0.915466586999059,-0.635974287562417,0.808178104317821,1
0.387377792247897,0.09614114481409,3060.21466430104,4.21226914138943,0.0146921956700065,8.45295070939335,54.3436605033791,1.17687768745805,1.24196572774688,0.412825290904166,-0.88205933635343,-0.644385532093524,0.833562950402484,1
0.363804684316189,0.0971341426125245,3272.18780910127,4.21004617172211,0.0148361760210207,8.44874403742662,53.5608364649974,1.23897229264935,1.30482664008326,0.412326610047301,-0.87996950047995,-0.660258739618291,0.851673205666316,1
0.467132944771784,0.0884929977984344,2362.03084846449,4.08336212695695,0.0154731962912775,8.19516037793542,51.8444581896716,1.07528289427,1.13489610717957,0.419065690238072,-0.913681965678933,-0.634480597942996,0.80853193947228,1
0.554836155959069,0.0799688111545988,1959.15350132217,4.07257139799413,0.0153284498948027,8.17356898238748,53.5368552751498,0.915374127741443,0.968290372728487,0.427769251510212,-0.956663333075388,-0.612015168742911,0.759471774100699,1
0.311945548937397,0.20123073630137,3886.88445970562,4.23801140533268,0.0147590538679064,8.50432515900196,52.2636273618647,1.38191373323037,1.52762448577743,0.324900644089816,-0.463862018582994,-0.430407707362958,0.754157465762834,1
0.48426808813428,0.0952658696183953,2287.84329953534,4.09776097725049,0.0152918982528199,8.22411249388454,52.6371369721739,1.04150693869815,1.10628160324738,0.413062646557009,-0.883691408124651,-0.597560111427745,0.782699519022605,1
0.428390761092778,0.0936812010763209,2686.77351345258,4.16177837573386,0.0150051446988034,8.35171232876712,53.4928733989929,1.12564341374671,1.19031938937972,0.414992981569938,-0.892613487447009,-0.6358176460162,0.820014888063395,1
0.48582441832452,0.109612738502935,2206.420943092,4.03045193248532,0.0158396163174818,8.08970691658513,50.2985510808952,1.07135049104382,1.14678119954814,0.399949932503995,-0.819726193504927,-0.554787960336672,0.7664237566052,1
0.530721814586553,0.0885549168297456,1927.4306612688,3.94460998654599,0.0164537792138425,7.91804366438356,49.1318741872524,0.974769038520268,1.03405455597283,0.418913076270588,-0.912940710468007,-0.594951183311824,0.765299719717975,1
0.478278508353448,0.0964025807240705,1879.39699527987,3.68508210004892,0.019184235485071,7.39962389921722,41.9597022063636,1.00046192597021,1.06736115062755,0.410686364433044,-0.872838057163388,-0.577181826540947,0.762498456135345,1
0.531826879273071,0.0898567453522505,2014.93478696791,4.03878501100783,0.0156562047240311,8.1066146342955,51.8217645077784,0.971876148981082,1.03229866624661,0.418137078958222,-0.908921900967117,-0.590743451360661,0.762351967703817,1
0.595519798163953,0.0803884845890411,1721.87367528343,3.96104299168297,0.0161734572276117,7.95120245229941,50.9579833312841,0.865578870603458,0.918802680099651,0.42713553324446,-0.953928248573779,-0.585513786419533,0.731310710070788,1
0.487710788536642,0.0864420254403131,1884.97780095722,3.72795606042074,0.0187025604737756,7.48505993150685,43.0677876873033,1.00116700948377,1.0617984150552,0.420069969493302,-0.91866740436808,-0.61369281398528,0.782015706108987,1
0.452069479025732,0.120018957925636,2002.53942405042,3.69321489726027,0.01919091367663,7.41572055406067,41.1360673852393,1.08684576094933,1.17163880070677,0.388773180601265,-0.76670518161374,-0.521354265729846,0.751161459223031,1
0.541079651594393,0.0971930039138943,1881.86503700073,3.93683800146771,0.0165626398868764,7.90300421966732,48.808999323016,0.982515589084718,1.04968685791226,0.411395958466941,-0.875481362858377,-0.564466359097213,0.751055943887526,1
0.455470889631427,0.133385824363992,2102.17975988576,3.7973283084638,0.0182930966291067,7.62410255626223,43.0102496226382,1.15716498342121,1.25148612292391,0.377528714875564,-0.712729207047463,-0.506160004168541,0.757124440459159,1
0.546716477239187,0.0860116499510763,1743.80214893115,3.80993532901174,0.0176854410577855,7.6491721196184,46.127485806498,0.920647797095138,0.979413107737662,0.420695168553155,-0.922286216279842,-0.582608274622932,0.745120382315842,1
0.298608560424773,0.241213613013699,3856.17416115612,4.12434717465753,0.0155506516113194,8.2768438111546,48.2766978174682,1.43955636412561,1.61884825213127,0.298407469092426,-0.337116580555233,-0.373060099079566,0.724783018509411,1
0.387308938650606,0.120316322162427,3028.86593850171,4.19330433586106,0.014766052779803,8.4148643896771,53.3593359503152,1.20057213629231,1.28308941847768,0.390561927528553,-0.77438979302736,-0.570653909911192,0.801843564518676,1
0.360519206375076,0.159878761007828,3498.80017762653,4.34708216120352,0.0136374522158637,8.72234206824853,57.2129624958325,1.24093630445259,1.35386831254481,0.358976627925648,-0.621959556650946,-0.473061667775976,0.754651603644501,1
0.321158170245334,0.178910836594912,3977.83108376548,4.35836671355186,0.0137237757923685,8.74516955112525,56.5035590283706,1.32270444319785,1.4488792933913,0.34212556322306,-0.545220615029729,-0.457291577565093,0.760211425572254,1
0.301269357983467,0.193231714774951,4124.6603365031,4.28366637108611,0.0144657526352942,8.59594850782779,53.2697619161583,1.41082304102346,1.55202276580592,0.332390336935401,-0.496505082097657,-0.459582437069852,0.777997107240114,1
0.253752379604651,0.276764310176125,5093.71767071867,4.34594621453033,0.0141782554113157,8.7198385518591,53.4046560162857,1.53596475510714,1.74199152379004,0.27558875025028,-0.230175872158298,-0.355814168978896,0.72852479168299,1
0.301065846101251,0.216913068737769,4234.72185119425,4.34752553204501,0.0137975490471173,8.72349712573386,55.367832522858,1.37773333707598,1.53375595876279,0.314062103945755,-0.413991226293077,-0.39286413515328,0.727328138889705,1
0.376187236510846,0.164845278864971,3784.50702089083,4.62232983732877,0.0121826238063589,9.27308891878669,65.4217817154025,1.27117926171895,1.38536836621548,0.355158118987765,-0.606366510996183,-0.480722844289638,0.765154619208932,1
0.378007909841024,0.130936582681018,3743.72845040609,4.60919688723092,0.0121817379836498,9.24631696428571,65.6952489011906,1.22478685920129,1.3132413929038,0.383629955322684,-0.740893222051929,-0.554395322029127,0.797894670471305,1
0.326873910351794,0.1733541768591,3965.84476229925,4.39368578767123,0.0134767905649832,8.81606684197652,57.9115429355757,1.29682058787023,1.41710064948736,0.346463959134141,-0.567153273479517,-0.463118084210141,0.758880019206936,1
0.375006098270436,0.124561215753425,3590.98782226364,4.49464285714286,0.0128270435720474,9.01748104207437,62.6646665372854,1.18460217413903,1.26901479451246,0.388400316517835,-0.763960841578525,-0.559529378272957,0.792977904280549,1
0.315412255473138,0.176697040117417,4126.13294148672,4.39420865949119,0.013590301901715,8.81676935543053,57.1698221822279,1.35744755445507,1.48202676779108,0.34372342545203,-0.553217417231385,-0.476121240898278,0.778128623840816,1
0.399240682737653,0.138134478962818,2602.95145171075,3.94083598336595,0.0171233773697604,7.91029384784736,45.4693629643676,1.2761669334803,1.37397326282233,0.37317364168418,-0.692116924141205,-0.537795263331051,0.798598898767817,1
0.384793584198792,0.177407197896282,2787.35740967099,4.00549397627202,0.0164390726107937,8.03929718077299,46.5778069977447,1.31651474054344,1.44395024149616,0.341472256437064,-0.542561866615642,-0.449894650652632,0.754321174001866,1
0.354886927951217,0.124555100293542,3588.97397672227,4.3600155944227,0.013733214060995,8.74845890410959,57.7858337233884,1.24226602351468,1.32756995004794,0.388199780808562,-0.762941225615256,-0.578041019650408,0.81365347092005,1
0.371518764232085,0.11284323018591,3416.23008133035,4.35824287548924,0.013659321513062,8.74440817636986,58.0809089255531,1.2149600559249,1.29122195070557,0.39764195605216,-0.808421140559159,-0.599988789829908,0.819322627024199,1
0.332278759299495,0.159502660225049,3861.2910071568,4.37049214163405,0.0136727336794923,8.76946550880626,57.280855669337,1.29637172265359,1.406868207861,0.357716748833206,-0.619413235814037,-0.499089405171843,0.780582265243818,1
0.258248663995521,0.273415331457926,6856.83519406674,5.09998776908023,0.0101319100321141,10.2275081029843,77.5195025543929,1.53363618570916,1.73631129262995,0.292432324749132,-0.291652563063071,-0.394740850537079,0.758658951307879,1
0.277716315705609,0.278101302592955,5817.34183524132,4.87233442392368,0.0113570676301971,9.77249648361057,69.3341257607192,1.57836653301411,1.7802278438969,0.293786288822961,-0.292184225145974,-0.418744352095883,0.782066035045516,1
0.284155169745684,0.267582711594912,5863.08450217858,4.95821841364971,0.0108159893884908,9.94384784735812,72.7098650201674,1.53308151164815,1.72548766987541,0.295362456588996,-0.306262561662968,-0.40681365948346,0.766111793324869,1
0.293105778608818,0.240973581213307,6030.59537459993,5.11746498899217,0.0100283146107023,10.2627813111546,79.2607634323429,1.46173949180353,1.63283085407034,0.311000708145186,-0.384413540211459,-0.423228226956905,0.764927691939787,1
0.277549583069865,0.263977647994129,6369.95558397448,5.10738518224071,0.0101523319974207,10.2425406678082,78.2764830258032,1.50467232719105,1.69305207565523,0.298148231460528,-0.320409477961821,-0.405159720821026,0.760363168203096,1
0.259712551274618,0.280856317270059,6859.82688673358,5.11207497553816,0.0102824118611128,10.2515655577299,77.7779444567843,1.55434746958177,1.75665126796659,0.28584430760338,-0.263687030646632,-0.394838322440124,0.761431959440492,1
0.299601493544235,0.230232540362035,6436.23467646626,5.35631879892368,0.0090418988785501,10.7400226272016,89.2833685229711,1.3759728974235,1.53724092831532,0.316958671936721,-0.416436823080879,-0.410428734333187,0.741195765935562,1
0.294896557493491,0.233508133561644,6322.72854166093,5.26273009417808,0.00938837976761034,10.5531968566536,85.3457904378071,1.40376992375188,1.56776550430798,0.314040584231564,-0.403327096646698,-0.411680753901424,0.746843608976759,1
0.286047243165495,0.255281464041096,6614.59331946013,5.30003669275929,0.00922380128531368,10.6276686338063,86.710411940757,1.39895474230993,1.57797002399223,0.298092806913177,-0.330441735858131,-0.366861080645288,0.713607399493843,1
0.320635691382098,0.216997156311155,5722.94420618302,5.2370627446184,0.00938723963597153,10.5019837022994,85.3596009258697,1.33955959589916,1.49089062296343,0.323851719392874,-0.452381463066411,-0.408143427586962,0.732095212390406,1
0.318123981623482,0.206230124755382,5778.40230029226,5.23870245229941,0.00941246325712117,10.5048510885519,85.3109889608948,1.34951650344101,1.49362299463896,0.330248149785337,-0.48352709585901,-0.433432065726732,0.751034120751164,1
0.306960407706027,0.233872767857143,5836.37404465728,5.16285469667319,0.00977141018478578,10.3537097908513,81.6236320609579,1.4102939413565,1.57586319032564,0.316179727875364,-0.410603477949647,-0.415936010837344,0.751244115656393,1
0.31185393804898,0.244272871819961,5579.23264560174,5.08931170499022,0.0100824030646177,10.2068370841487,78.7430204451892,1.42583077983775,1.60166787596665,0.307661650627528,-0.370150787419962,-0.395438394618619,0.739742757188739,1
0.353919564912564,0.217513912671233,4787.91556709056,5.04257888943249,0.0101604806348696,10.113074853229,78.2357830191466,1.34825594465502,1.5027491574266,0.322008202166801,-0.443681440195619,-0.403533083228177,0.730517771302985,1
0.364859801706615,0.171556996086106,4742.52956648512,5.09672822896282,0.00997041125026614,10.2211319716243,80.9055176268274,1.30998611661308,1.43170156745434,0.356616335409011,-0.604698733388472,-0.49537503537085,0.782304350417625,1
0.350532650024999,0.195617508561644,5065.71383117493,5.16203369618395,0.00966135827129116,10.3519898177593,83.1553713244734,1.30985523243774,1.44700239284156,0.339777858566141,-0.525376621383987,-0.442945010833328,0.750048395789181,1
0.383297607063547,0.158612860812133,4316.30751844946,4.98172700587084,0.0107809670617781,9.99170361423679,76.8563071985246,1.32295599668728,1.43353211641352,0.367904415089157,-0.659441166529566,-0.537408237745371,0.807679830742266,1
0.367623953484822,0.203381084882583,4602.26977195822,5.04060894691781,0.0102200620805562,10.1093436582681,78.4821908186442,1.33494849335391,1.47858807870595,0.334177433517876,-0.49765742399327,-0.438953832581276,0.752405319818113,1
0.382846312648178,0.163443309686888,4446.74727542173,5.06047578277887,0.0101014668450773,10.1491614175636,80.0340606602869,1.28549294047472,1.39778572932779,0.365369006387932,-0.646853665047235,-0.515672278124791,0.789277476063934,1
0.321553724690693,0.21574272260274,5637.32543416874,5.20181094055773,0.0095895410530836,10.431352433953,83.7105206813338,1.36725366054587,1.51868266512601,0.327543795045258,-0.464926708646334,-0.43173576234334,0.753748991729456,1
0.329303225478928,0.213840050146771,5201.72192160948,5.05451932485323,0.0102388896695738,10.1368395303327,77.8823510073139,1.4079230099927,1.55957264814211,0.327925359779424,-0.466306269011549,-0.449162844413413,0.772211818750672,1
0.341481769152177,0.211249388454012,5049.60292986197,5.08024630014677,0.0100452340728607,10.1882781922701,79.3482831971595,1.36618029537292,1.51566308817752,0.327815374389167,-0.468120653895097,-0.431426484427889,0.753049319470521,1
0.312698694553934,0.220874357876712,5566.69326905269,5.08872614970646,0.0100786773794157,10.205284521771,78.7873278973161,1.42579392675485,1.58440824387948,0.323836698368448,-0.44522932315547,-0.443717559843087,0.772208632520976,1
0.338994705216733,0.218143040606654,5193.99855489066,5.13557439456947,0.00978656353582797,10.299059748043,81.6025769029105,1.34516463097725,1.49956781825144,0.323653172616602,-0.448251324230701,-0.409095375825933,0.734147700972649,1
0.310667600041988,0.217656097113503,5937.85664735426,5.2437866927593,0.00940727093827982,10.5153345156556,85.2517615430506,1.3655729001868,1.51944478877954,0.324206339248534,-0.451263755737794,-0.424085656568199,0.748374032845419,1
0.287776135395741,0.238593138454012,6578.41815722265,5.29787869985323,0.00929336952155891,10.6234711350294,86.3681639931093,1.42274528238236,1.5919257338735,0.310010327405464,-0.384506546705698,-0.410616422760979,0.749739496630025,1
0.308111790866576,0.235654659980431,6389.29079136832,5.41859787793542,0.008807181423973,10.8648376345401,92.153456951854,1.34477858469765,1.50937702545157,0.310937645679194,-0.39182242837653,-0.387204361320204,0.719073717582119,1
0.304048286006236,0.225188050391389,6361.15998391972,5.36576412671233,0.00903267245634111,10.7593115521037,89.897401325731,1.36386124753582,1.52192915016751,0.319377059084781,-0.428800545074977,-0.41653554960226,0.743194083621764,1
0.266332277037811,0.25979008683953,6952.36388636768,5.22201794887476,0.00965375566293639,10.47200724682,82.4875216021795,1.49592203278771,1.68103221912724,0.297576585389998,-0.324182401060079,-0.406162419625689,0.759452104802576,1
0.28745787711474,0.248801369863014,6588.97075831663,5.30390395670254,0.00919249083925582,10.6353335983366,86.9614616618716,1.39202869473776,1.56653846574741,0.301253842890697,-0.346269435041463,-0.372828597343293,0.716708631329905,1
0.281365533226168,0.255133164138943,6687.11116815771,5.28081962451076,0.00930314600726449,10.5893323446673,85.7232170940464,1.41799257175271,1.59714087832986,0.299257525322405,-0.333584951284907,-0.379441019161859,0.72665092120693,1
0.274057933178561,0.253545437866928,6775.78955606314,5.23823003302348,0.00951756735889195,10.5040736607143,83.5823968032924,1.4581170174499,1.63770287595094,0.300942790634088,-0.340131003043407,-0.398344008654984,0.747389698820611,1
0.275810535321093,0.263445602984344,6913.80536047913,5.31110720401174,0.00924659864662969,10.6496445388943,86.5391089157345,1.44011740850126,1.62695588357275,0.294942744937052,-0.31121355102932,-0.379129670915517,0.730881499540435,1
0.281877386608754,0.237266848091976,6552.29587410234,5.22739190924658,0.00957540114044976,10.4825105491683,83.3369251066594,1.45131401881644,1.61898306575881,0.309138539839497,-0.381823807353304,-0.418222082318658,0.759314581588535,1
0.274524759024112,0.262140716731898,6644.51962939796,5.19191841976517,0.00971648593110136,10.4111920560176,81.6552612399378,1.47159145906624,1.65736772069666,0.292322357134265,-0.303829427275349,-0.37996063572791,0.736000124389322,1
0.26630401425152,0.257280454990215,6782.05120520769,5.1577345278865,0.00987812369221259,10.3430757705479,80.0105496473385,1.50322138358252,1.68635363870248,0.294814850331994,-0.315647119646926,-0.400128399789165,0.755780747887442,1
0.276187491488022,0.252815404843444,6576.55410782437,5.18057577054795,0.00975144999459492,10.3887062744618,81.2846793470403,1.47194208487708,1.65182457311021,0.299596440791863,-0.335062858300332,-0.399010283430511,0.749969017534203,1
0.297104498161966,0.272947498776908,5405.90318316441,4.87434793909002,0.0112025041682513,9.77648605675147,70.0653976178501,1.5211399408623,1.72014677381832,0.2947430193339,-0.300724988475728,-0.395270116219601,0.756762698565964,1
0.295266129630391,0.235981072651663,5441.26254217109,4.86908176369863,0.0113060463153319,9.76621284858121,69.9569909043595,1.52719905515577,1.69952025621986,0.318377987589459,-0.413280715810079,-0.460515551598481,0.799590241101634,1
0.280887094298028,0.264690863502935,5882.10590071918,4.93578843566536,0.0108932850403043,9.8995260518591,71.8198156563321,1.54061777996818,1.73224434667114,0.292166932059358,-0.298840290207603,-0.400802761315121,0.762622331254035,1
0.284011724075129,0.24334790851272,6296.40514167305,5.14385472725049,0.00990505988393973,10.3152756543542,80.0169711352891,1.46985038990549,1.64269410184056,0.302904500757473,-0.354963807831782,-0.406815846825606,0.754462488061943,1
0.312898079643732,0.237934962084149,5590.90189115839,5.10616285469667,0.00995289306241244,10.2400402091487,79.4582899729608,1.41312797181648,1.58077628045603,0.304465324027854,-0.36539272880908,-0.386320354810067,0.72958340327613,1
0.358815980383924,0.217325862279843,4699.11479264298,5.03200908145793,0.0101956259493663,10.0918626161937,77.9223668986959,1.34382742293828,1.49794917806905,0.321627724998193,-0.442423564747766,-0.400448514261452,0.727359648813007,1
0.318817747807975,0.230159154843444,5564.83935238518,5.14655852495108,0.009759857205861,10.3205693493151,81.3289503828238,1.38490762902401,1.54928148997129,0.312396000006277,-0.398666865354917,-0.392848577148371,0.729762631878174,1
0.324949871230665,0.228050850048924,5399.32533694254,5.11918113992172,0.00989697378894955,10.2661012414384,80.3760819954851,1.38581290525856,1.54702887890411,0.31454363818342,-0.4089025190553,-0.400567598697022,0.73530034772739,1
0.321584055706994,0.235520884295499,5405.66499536633,5.09347709760274,0.0100148709115514,10.2144454806751,79.1577134571897,1.40482760818003,1.5726865844169,0.308110760089501,-0.378960798160154,-0.391064860787891,0.732028211786586,1
0.312435813733556,0.253765594422701,5697.4291072198,5.1544375305773,0.00972465995057229,10.3365987340998,81.52379015395,1.3866383423094,1.56543216635555,0.294087647145901,-0.317144677182585,-0.346441534796361,0.694526245282887,1
0.315983652348341,0.243055130870841,5696.1118820081,5.184219055773,0.00961030716769907,10.396016542319,82.885433158508,1.37140104529345,1.54389815022476,0.305320746608689,-0.363595584495329,-0.369485472339928,0.710450198099518,1
0.30384692665688,0.253150226272016,5989.32385664931,5.20806552715264,0.00951160053648296,10.4437729329746,83.5425834703931,1.38235496144596,1.56155656002182,0.298828095217827,-0.334134072295059,-0.355606750239315,0.701740077838556,1
0.3128022278555,0.221424749266145,5947.9268843173,5.27006329500979,0.00927459781739345,10.5678456763699,86.4484197446261,1.34727047393828,1.50242391318185,0.320261015651751,-0.435376687919373,-0.40253561370092,0.729693008933292,1
0.29717577979425,0.249676645058708,6383.29649091895,5.31566092832681,0.00910871634497787,10.6590913955479,87.9868467134701,1.35431612594057,1.52891137161016,0.301975311046729,-0.348032320927324,-0.358768935728605,0.699196200938761,1
0.325832477531173,0.23168801981409,5453.06667562833,5.15349269202544,0.00974115044861988,10.3346983549413,81.8526950660247,1.36918860748321,1.53397493011571,0.313570901831495,-0.401912828795519,-0.390610536122028,0.725691522942853,1
0.345787469261558,0.231059656311155,5105.28772457807,5.14843597113503,0.00968743437224546,10.3246445388943,82.4019743865804,1.31882979332172,1.48179260709572,0.312418182798482,-0.397923884329251,-0.365271544080901,0.696953752044654,1
0.339918296437318,0.232246055528376,5220.42482107454,5.15937805772994,0.00965012978688248,10.3465569960861,82.6823282485756,1.32616670502663,1.48959372859433,0.311317837310893,-0.393249604369805,-0.366522262474032,0.699256429148626,1
0.349002452383747,0.217434411692759,4973.9439231757,5.10303403253425,0.0099016137659519,10.2339193982387,80.5312671965396,1.33854383253533,1.49096531550139,0.322406192008799,-0.444460731159243,-0.406079956851434,0.730526411764946,1
0.324287785157019,0.240947590508806,5322.87587084258,5.07769462451076,0.0100430474355433,10.1833185543053,78.6807169755469,1.39760654489142,1.56783545701531,0.3050884354327,-0.364142978849749,-0.380036733842722,0.722608185267915,1
0.319047850255878,0.229487218688845,5389.37828867733,5.0620000611546,0.010165104161952,10.1519630626223,77.8577337460821,1.4209256346373,1.58254018923993,0.313676734484258,-0.404161418810517,-0.415175358971929,0.751658578038614,1
0.317140273762393,0.235367997798434,5678.03049390673,5.18599253913894,0.00959187361144592,10.3998226516634,83.0337063400759,1.36616414638785,1.53011014402674,0.308126855091922,-0.381670776173111,-0.377749611647296,0.714897471897798,1
0.330722932383237,0.211597205234834,5185.53021402431,5.06068829500979,0.0101436476117328,10.1493571122798,78.2451033443465,1.39337618110473,1.54222373304111,0.326529825732566,-0.464767981172357,-0.43765283122206,0.761572858360814,1
0.327852323684629,0.229097358121331,5321.96500190238,5.10641435298434,0.00993092947182496,10.2405776051859,79.9040391950141,1.38602753495132,1.54840794378505,0.314173845998785,-0.406428077538329,-0.399141910469197,0.73447237609361,1
0.31961460976723,0.222684534001957,5233.0853251616,4.9880052898728,0.0105646531363404,10.0039093077299,74.8498249536399,1.45531663596749,1.61415744170486,0.317198826316632,-0.421075018861555,-0.436738734509703,0.771763159309348,1
0.314564537587029,0.243384601272016,5300.47542653143,4.97928693737769,0.0105876347651683,9.98630519202544,74.3325231732827,1.46630254326432,1.64130604837177,0.304188770310829,-0.35850752661685,-0.404868978858373,0.752816746279726,1
0.327301999359515,0.239273483365949,4888.6919598114,4.88079210494129,0.011073032368328,9.78948523116438,71.0502734332158,1.46515346080619,1.63888047504458,0.305848606832544,-0.366783500538969,-0.407104390208743,0.754048657056629,1
0.333489999706802,0.241770884295499,4721.07722859759,4.8432653498043,0.0112853336404288,9.71453797700587,69.9142457634592,1.45866223947027,1.63340769812745,0.303800871486184,-0.357591391909865,-0.400224432043436,0.748072104902379,1
0.353686168009352,0.238257552592955,4476.07444838613,4.86783420988258,0.0110640221056196,9.76359008072407,71.4049562164218,1.4081973911533,1.58086876297926,0.308134094859394,-0.375670877983036,-0.38936449098136,0.731931008084523,1
0.35514025709022,0.236665239726027,4480.08889965751,4.88051385151663,0.0110070384488695,9.78921003546967,71.8876015212041,1.4049776663975,1.57455316380389,0.30748713624611,-0.375464897083167,-0.388941526632288,0.730607746294232,1
0.320655642933225,0.24322865704501,5066.37971127468,4.91577941536204,0.0109093342133578,9.85952406433464,72.1731120598821,1.46879554105928,1.64448591126977,0.303917209716798,-0.356809611805989,-0.404866360161817,0.753246733947599,1
0.352865969489358,0.234569930283757,4493.59453912951,4.87154400073385,0.0110309237670131,9.77118471746575,71.6055719878347,1.40338732589115,1.5730060704405,0.311529900713419,-0.390237694377276,-0.397364494126747,0.73688294976581,1
0.332991618089893,0.237119312622309,4950.46993892037,4.96128913894325,0.0106007915048,9.95052975171233,74.3324497017288,1.42208864874265,1.59111508081285,0.308775084244448,-0.380291800009688,-0.398337510463946,0.740428964663931,1
0.332399214135964,0.236696581457926,5011.95973662345,4.98805650684931,0.0104717518052011,10.0041814456947,75.3263765858804,1.41666800086039,1.58450654622279,0.308456011067308,-0.379027498932782,-0.397149058171486,0.73846227324299,1
0.377254653079782,0.20313646648728,4357.03638596043,4.9715730491683,0.0104780969449776,9.97137582558709,76.1570144435004,1.32731696515555,1.47201943650331,0.334762546755913,-0.49896314174153,-0.434540478557635,0.748217985984796,1
0.358233037670433,0.215557729941292,4824.6388969372,5.09536295254403,0.00993345643690622,10.2182225415851,80.4831631372647,1.32479009287082,1.47817881861405,0.32729467920405,-0.462214952290126,-0.410474437237874,0.73176617106126,1
0.344033787375672,0.22741407778865,5163.91992107862,5.16238839285714,0.00967276928825238,10.3520471501957,82.8631570182806,1.32537428381532,1.48623470889882,0.319665401825823,-0.425614997385942,-0.390521244681572,0.717905862155839,1
0.308845692003985,0.24165469055773,5859.8189947113,5.19370413405088,0.00958336258128501,10.4152657167319,83.0377576153172,1.38580712570908,1.55751692641971,0.309953345157951,-0.380027273505991,-0.389570439015475,0.728522053592979,1
0.314764867253728,0.234887169765166,5660.20177992701,5.15464316291585,0.00975042069177506,10.3366423067515,81.5393942273939,1.39229419696001,1.55925414241849,0.312925178010403,-0.395309101107516,-0.400431813376742,0.737149094573872,1
0.333476651719631,0.222267918297456,5407.53223838417,5.19773192881605,0.00951507260860682,10.4231936460372,84.1255086156986,1.32559527288761,1.48093588147886,0.320170853559538,-0.433388404877748,-0.392968189644838,0.718916073376092,1
0.313126286502895,0.24637811888454,5763.97935889761,5.19062805772994,0.00957159591388538,10.4088421905577,83.0860674586895,1.37227934809529,1.54620093943338,0.303178217898574,-0.352821667117979,-0.365116488471671,0.70720082503203,1
0.318477015395393,0.228831335616438,5645.55239148465,5.18214362157534,0.00960298613693839,10.392003271771,82.9364876173743,1.36445516686649,1.52480437141555,0.314054264891186,-0.40668924518284,-0.392520943403204,0.725661308501864,1
0.308198954116675,0.2354635518591,6063.50614249527,5.28116897015656,0.00921753738416499,10.5900318003914,86.9163794492842,1.34166185763689,1.5067189011791,0.310969287823999,-0.389951523267629,-0.375981757977372,0.709692411363655,1
0.317937455830089,0.228344392123288,5911.88872896673,5.30294306506849,0.00910754364128855,10.6332933280333,88.2664371503474,1.30773638502124,1.46789343068052,0.317161585513342,-0.41751895447136,-0.376484828924243,0.703820903179538,1
0.311395169540139,0.234572988013699,5942.32120505674,5.25515839041096,0.00932981637619124,10.5379020914873,85.7631530405305,1.35489863518377,1.52091991151822,0.314635094475188,-0.402698522824913,-0.389177418487868,0.722445760707908,1
0.336456250595296,0.212139187866928,5365.31099816169,5.20079730308219,0.00951127229142689,10.4290866560665,84.3864145958167,1.31882207029481,1.46797090729423,0.329570401779193,-0.473475943675738,-0.418283907957742,0.735871955275768,1
0.34399570292688,0.197328308463796,5227.39801644157,5.19235643957926,0.00954718551770263,10.4125902030333,84.3184332439081,1.30717756235542,1.44597746505165,0.342497124334128,-0.533753668786395,-0.450357676267123,0.755034954082702,1
0.357434009348923,0.214325464774951,4894.1411452761,5.12750963184931,0.00977875163814522,10.2818959454501,81.7543188912527,1.31460679392508,1.46739389227476,0.327686248175462,-0.465138782958188,-0.403872173631623,0.725010377794766,1
0.322829422289892,0.260962726272016,5214.35789244651,5.01213842343444,0.0103411428884906,10.0506138392857,75.7943519658006,1.43440175986277,1.62588205101346,0.297011167756579,-0.318436034006145,-0.364061200257238,0.718560577607129,1
0.394671334367139,0.195634326076321,4212.31084207488,5.00900425024462,0.0102467546177958,10.0455639982877,78.1531462786777,1.27797997929632,1.41670372040446,0.338229198851817,-0.518392897370344,-0.420446041377904,0.728809219111738,1
0.341896446295491,0.243990796232877,5063.13394248722,5.0930520731409,0.0099918585068196,10.213492233366,79.6935432345064,1.3677370319081,1.54309441922347,0.307585168750241,-0.369388994863099,-0.369340647946232,0.710129385956571,1
0.377810916277929,0.218250061154599,4466.30149172498,5.04102785591977,0.0101599516834512,10.1095783390411,78.6966204861941,1.31484906723152,1.46997004894026,0.321658743041879,-0.440809792337649,-0.388394465850852,0.713470783478277,1
0.387491174520137,0.220735231164384,4140.45363962412,4.91566857265166,0.0107282903951761,9.8591043909002,74.1868202873809,1.32673571181947,1.4869905025659,0.321443291050681,-0.436855371876377,-0.389961451393735,0.717477289918353,1
0.418582374142989,0.219150562622309,3781.38353102874,4.89384478962818,0.0107689587177932,9.81552333047945,74.3839374089781,1.26242001035909,1.42079364375806,0.32161242876971,-0.438249487517189,-0.361250155240957,0.683235524781348,1
0.370448933939061,0.225228565313112,4652.61031824206,5.09322254158513,0.00994831723073568,10.2142062133072,80.6609369688406,1.30831291975881,1.46631152386588,0.319354428359418,-0.428261815800838,-0.381342666623892,0.707365742126528,1
0.351794839810704,0.229608763454012,4943.37629814196,5.10905776051859,0.00990321687219686,10.24596456091,80.8071671361706,1.33496289030321,1.49738080002184,0.317776217539601,-0.416633300807036,-0.387959453624512,0.717626375855372,1
0.363313326690584,0.236000183463796,4711.83801975889,5.0740521037182,0.0100107435245301,10.175548098092,79.6540610347933,1.32617255674342,1.4950266186433,0.313459629526852,-0.395756997648217,-0.368700650421846,0.701959662851086,1
0.377831547251619,0.225999877690802,4478.32281898655,5.04916218199609,0.0100975847539296,10.1261925146771,79.1099699883914,1.30546082244259,1.46615915084361,0.320187551166491,-0.428185110752087,-0.37810549626224,0.70467579652562,1
0.388157709423021,0.218349437377691,4274.04841482063,5.00110384050881,0.0103242037839699,10.0300269080235,77.5040731857262,1.30261320196908,1.45863696685678,0.324506839842299,-0.44909519653163,-0.391005950905411,0.713696378326536,1
0.413671120444317,0.211608671722114,3897.42202837262,4.93589927837573,0.0106256323139967,9.90001146648728,75.7340794057274,1.27348464111968,1.42442461764252,0.330279705599572,-0.474842801628633,-0.396545409204229,0.712051550135015,1
0.419262335828914,0.204007919520548,3871.58975056323,4.95461411448141,0.0105252764031669,9.93720645792564,76.6034676172909,1.25910823138166,1.40536992136501,0.336426087278108,-0.504138222375042,-0.406559225791398,0.71647599327389,1
0.490996597902854,0.125058096868885,3196.03644336484,4.88841120352251,0.0106920281565882,9.80478916952055,77.1294427329871,1.08338915019763,1.16894118241376,0.393521973895394,-0.783945326679976,-0.531527870076361,0.75686176125915,1
0.451733688202618,0.154116468933464,3609.6563086079,4.97403681506849,0.0103724064485161,9.97614894202544,78.5895675682917,1.17915500041539,1.28429808041947,0.368821612613897,-0.666890720720993,-0.486464282319306,0.750844973693274,1
0.404157726030681,0.212214102250489,3952.49821607813,4.90859680772994,0.0107861971668692,9.84524140777886,74.4451887232964,1.29863755835989,1.4513741096105,0.331834075582079,-0.478736682305479,-0.412639878509119,0.728821341108497,1
0.380534191888407,0.206531311154599,4298.28058823918,4.95872829011742,0.0105724857283985,9.94545162671233,75.7172754623591,1.33058231701299,1.47785284107838,0.337750012017486,-0.505989527195866,-0.447642185713203,0.758364487188733,1
0.328262490195938,0.228438417318982,5243.989477065,5.07046767979452,0.0100964300214565,10.1680406066536,78.4284093193772,1.40032264577522,1.56447470666777,0.316930486872116,-0.414349207225777,-0.410170460221375,0.745205057254718,1
0.345756085312202,0.220518896771037,5101.1940195264,5.14432638209393,0.00971617285453644,10.3163642062133,82.19414619024,1.32539880518911,1.48176232123138,0.323473041648908,-0.44539774170163,-0.398051510426505,0.722896380606675,1
0.351447075588122,0.20727969055773,5100.98760458158,5.18949058219178,0.00954212698144387,10.406535133317,84.3985982620623,1.29198119451026,1.43697152791613,0.332682857455733,-0.489264876175339,-0.414030610229693,0.727560981939147,1
0.343563693971596,0.221482846135029,5098.4752078993,5.12386328889432,0.00983844818642812,10.2754380198141,81.219264816246,1.34329122930758,1.50078831658924,0.32381134144472,-0.444545287058797,-0.408112431503288,0.733636476099638,1
0.344169464062827,0.211914444716243,5115.85617819708,5.13711701932485,0.0097839980484086,10.3017765410959,81.8020323548269,1.33752475970331,1.48707585012451,0.329624557400242,-0.474124898045056,-0.424471361824901,0.743527246888491,1
0.319021155332208,0.223824302837573,5704.49450277455,5.21192820450098,0.00953648846502064,10.4515166340509,84.0993855326964,1.36462077724092,1.5225330072973,0.323833935167856,-0.444319217268467,-0.41918761117879,0.745291410781625,1
0.314821566058949,0.227326168052838,5835.68493820611,5.23657045009785,0.00941578880024795,10.5008714530333,85.1345974946344,1.35410932978628,1.5147060852008,0.320377827882345,-0.428966680594404,-0.405795451060686,0.734134223972768,1
0.36080677022113,0.200498409980431,4876.25325207911,5.14282656555773,0.0097223788155816,10.3133263515166,82.6427828749133,1.29696247815885,1.43738913550004,0.337878168666015,-0.513981528933493,-0.430509639805586,0.739656776926201,1
0.340050056519432,0.212720920988258,5196.32986071565,5.14434702177104,0.00976929697584335,10.3161042991683,81.9755732412743,1.34343954662397,1.49412233957979,0.330064801995719,-0.474999406987973,-0.427386657960686,0.746737852121353,1
0.360581643096456,0.199509998776908,4613.20647293223,4.99372324486301,0.0104498777110443,10.0150715508806,76.4963810185506,1.35850706905926,1.50023028964572,0.336969759687468,-0.509825467887433,-0.455364043498559,0.767210864004454,1
0.297232041599758,0.254038496819961,5654.03787912718,4.98820633561644,0.0106527010311304,10.0037036753914,74.2199766346997,1.49916077665365,1.68403415438063,0.304279073868688,-0.348915590453803,-0.414289684543547,0.765822063617197,1
0.341850511804799,0.216994863013699,4733.90503976378,4.9136351822407,0.010946790453962,9.85504448997065,72.8734796981047,1.42221057972218,1.57903907722796,0.329159583005401,-0.466614158148388,-0.452356591044766,0.777197864517998,1
0.417501881205376,0.179650807240705,3808.36101246624,4.90112371575342,0.0107683617650363,9.83019202544031,74.9054981511211,1.25271747121763,1.38216030413416,0.354741391467883,-0.591017486275315,-0.463434489728554,0.753088480360979,1
0.392207205015574,0.196546294031311,4188.44444802418,4.9756719361546,0.0104447615344762,9.97893988502936,76.7587039954454,1.29707433171973,1.43930161325068,0.341228606171421,-0.526791258051434,-0.438162761409476,0.745387131951539,1
0.359443802197247,0.211742447407045,4855.40861740014,5.12135442147749,0.00982116458969986,10.2702628118885,81.6751702623393,1.30870124076465,1.4585921031426,0.331442671182196,-0.481438415138743,-0.415361248329702,0.732189751685951,1
0.314162862194675,0.217303693737769,5944.71278122305,5.28003149461839,0.00924809610556638,10.5875886741683,86.9873885153241,1.33954751263711,1.49216077693558,0.32687372132198,-0.460943788865901,-0.419846748819457,0.740978129664084,1
0.314600647794963,0.22385105797456,5616.29153874831,5.12975247676125,0.00990320673706608,10.2871858182485,80.485798246483,1.40825780008131,1.56812109466761,0.322323549716794,-0.437726562167431,-0.431469091177521,0.761195130909735,1
0.308718292695516,0.23020884295499,5974.21540211871,5.24339453889433,0.00940496466148585,10.5145196306262,85.1623265304363,1.368129586426,1.53052913603345,0.317693846974896,-0.416727309387477,-0.40452660135879,0.7356710697223,1
0.326469842623986,0.208987432729941,5649.58176277251,5.25161830357143,0.00935191836577291,10.5308517306751,86.2057613761758,1.32554357968416,1.47209732357272,0.335755331864628,-0.499354571358817,-0.441022427396473,0.752846791438611,1
0.355770031544228,0.192639279598826,5095.72797889574,5.22036906800391,0.00940906664549609,10.4682003730431,85.9650385638128,1.26752689610102,1.40189987239361,0.343783772715682,-0.541230601168646,-0.440771838618783,0.740934885981644,1
0.341606205048266,0.203804580479452,5382.91178723591,5.25216334393347,0.00930751734077185,10.5322101272016,86.8260758728376,1.2865921512657,1.42844964077187,0.337008461173129,-0.508744037068334,-0.42753598149798,0.735963258183128,1
0.332545410662537,0.20533956090998,5546.29690714812,5.25519584760274,0.00932286039568203,10.5379418419765,86.6227305091105,1.30722763864386,1.45136803350893,0.336603962748107,-0.504435323912308,-0.436203531461776,0.746021065131341,1
0.370419042464426,0.1857135212818,4829.2999048631,5.18998593444227,0.00952646531686883,10.4077360567515,85.0818459730944,1.25459509200905,1.38273389203777,0.347096700458379,-0.559734672060161,-0.447033195545544,0.741901937096481,1
0.383311873372458,0.178799229452055,4459.79782227983,5.07138652764188,0.0100877990749486,10.1705899889922,80.3833032884616,1.28824881522332,1.41441347151465,0.359500761299119,-0.610072901834659,-0.496664174784741,0.780229447580131,1
0.354234187346364,0.228248073630137,4368.03684704259,4.80820771159491,0.0114401271956221,9.64452131237769,69.5312766873869,1.40986241594122,1.57566254757061,0.324457590699291,-0.439448567135598,-0.436187588929426,0.765591045795037,1
0.412001986035988,0.188082497553816,3802.44241288044,4.86208185543053,0.0109801585282687,9.75221685420744,73.2991978666868,1.27203750742423,1.40807683488108,0.350993187666122,-0.569811522905569,-0.458539956768119,0.754192527642817,1
0.35664745757698,0.240389554794521,4488.58295033147,4.89637123899217,0.0109191896478063,9.82051125244618,72.5925636727686,1.39454016196417,1.56870285082774,0.31663076089544,-0.401863128412142,-0.406394615218827,0.74302497912007,1
0.326444702996924,0.243804274706458,5045.98973482832,4.95517673679061,0.0106607653485611,9.93784934564579,73.8886519535698,1.44033788182107,1.61719992145373,0.311853745964888,-0.382595209362294,-0.41120184458414,0.75394175901563,1
0.317995666324859,0.252056323385519,5413.71165882373,5.06585815190803,0.0101397310882328,10.1595691658513,77.889611674403,1.42514146105855,1.6057788153579,0.30673453380028,-0.359873166958093,-0.391228736935267,0.737118955695806,1
0.356264521265049,0.223228809931507,4748.27701706883,5.03398819716243,0.0103718080792322,10.0956090998043,77.7399465726558,1.37132210695169,1.52984961375167,0.325910026890251,-0.450882784631496,-0.427796780228563,0.752649865435673,1
0.350159641740235,0.212767551369863,4907.36408300521,5.07582252935421,0.0100323988281835,10.1794589346869,79.4789125770878,1.34662180214558,1.49907878696854,0.331189170392492,-0.478022876305989,-0.428856431788905,0.748591827830429,1
0.343468081761563,0.202459943737769,4940.50877091416,5.03907855308219,0.010217844574697,10.1058800146771,77.8822934123957,1.368642412414,1.51317429101149,0.334897478072925,-0.499820244433942,-0.450882141763734,0.766225430672739,1
0.322543917322967,0.2181927287182,5655.3609579915,5.22047455968689,0.00947246344922713,10.4686987830235,84.6695256176198,1.34804748649551,1.50111366753753,0.328754087592821,-0.467212756805685,-0.427747952831704,0.748141695631425,1
0.300731852145601,0.233353718199609,6033.72183049413,5.1948958842955,0.00960424739468178,10.4173831947162,82.8183525381783,1.40424036913105,1.57002742975293,0.315226409259238,-0.405762228248859,-0.410134963541555,0.746088567092049,1
0.30803971178096,0.227356745352251,5767.99872398324,5.14234038649706,0.00982457498081776,10.3121911692759,80.8696273105167,1.40983352403847,1.57228287474099,0.319774588487295,-0.426511515536696,-0.424093514631905,0.756598041499795,1
0.328200988699408,0.200736912915851,5338.75288444952,5.11451275073386,0.0099187844901164,10.2569609222114,80.5043340938947,1.37352877699212,1.51565213731216,0.337810846441046,-0.51248878372021,-0.463553537963033,0.775080647275536,1
0.319061968682725,0.220511252446184,6108.01377543628,5.39527886497065,0.00888901116847878,10.8180214958415,91.7308531272047,1.3211273890658,1.47701329150332,0.332147493777263,-0.477539457179983,-0.43089966178056,0.746477738586219,1
0.329117972065689,0.225647474315068,6034.39716536145,5.45326718444227,0.00867097471527689,10.934008072407,94.2147181705124,1.30338863736663,1.46218833879583,0.329439624261359,-0.463535903064725,-0.414175524417599,0.731874518271417,1
0.317810390900059,0.237947193003914,5603.28691831823,5.15504601883562,0.00974875151135315,10.3378202972114,81.7791058293639,1.37903738092013,1.54815015105033,0.316833634133895,-0.407581230004538,-0.402915336780867,0.737276412222855,1
0.362141116124731,0.224853228962818,4690.83695588705,5.05338108488258,0.0100814396694783,10.1346394936399,79.0909279351162,1.31751344949474,1.47985878532884,0.327417196171334,-0.455015113396453,-0.402555737085289,0.726065586515802,1
0.313761784842649,0.244632155088063,5570.26074956961,5.10256467098826,0.0100095432302841,10.2327276479941,79.4363539801098,1.41112055349811,1.58759000064462,0.313508697174829,-0.389102342854787,-0.404962127375025,0.744866229980141,1
0.348106795489382,0.22730782167319,4781.46706570857,4.99200250733855,0.0104578656083041,10.0119908879648,76.030529376725,1.38166379857403,1.54432208247515,0.322521596268885,-0.436607921918514,-0.41615251317529,0.746442365737743,1
0.382672238843824,0.216018682729941,4229.97709635833,4.93529537671233,0.0106641892447021,9.89870352250489,74.9213761479706,1.32578914755199,1.48162228506611,0.330163713215571,-0.471823586137865,-0.414569826375619,0.735236649754319,1
0.405256447474948,0.196888759784736,4113.53109716958,5.02015655577299,0.0101727080874086,10.0679580479452,79.0602417612439,1.24547237410823,1.38668294167223,0.34325155026359,-0.534281228167042,-0.421015787118374,0.724096845174207,1
0.399865199875262,0.199045988258317,4121.15344277013,4.98676690924658,0.0103805743334,10.0011412977006,77.3976375205221,1.28004718242877,1.42246012033247,0.34038684239052,-0.522175734949159,-0.429923992706411,0.736715668552637,1
0.366427067063353,0.210078277886497,4718.30117854211,5.09988074853229,0.00989699907635731,10.2275684931507,80.9503782891011,1.30487000121145,1.45408919194601,0.329223803828048,-0.473320682255498,-0.406164946222208,0.724503505615596,1
0.374744562144395,0.211258561643836,4477.73939482966,5.02444960861057,0.0102430267188949,10.0766420009785,78.0632258976257,1.32083541113753,1.47151193604728,0.329768195143776,-0.474308805457689,-0.414594866250564,0.73370309149706,1
0.35957711934774,0.219366897015656,4571.38112718269,4.96698568982387,0.0104869646286543,9.96175162059687,75.5004786884873,1.35556656832086,1.51354765226936,0.323239089443079,-0.443844422122571,-0.408641853973553,0.736069623563473,1
0.363307517971391,0.219950159001957,4499.90919763005,4.95457665728963,0.0105452034334621,9.93682653498043,75.1340035713298,1.35196865752351,1.51101048097618,0.323707840594503,-0.443979769147507,-0.408996125269086,0.735971647676016,1
0.406530596920719,0.201119893590998,3796.64486833483,4.82641037793542,0.0111074296169409,9.68067896893347,71.9573881157186,1.27607971061596,1.42160930228256,0.33713304005199,-0.507330442480818,-0.418840734713855,0.728437046938691,1
0.437398883358333,0.196193126223092,3610.8179234982,4.89378057729941,0.0107154591856319,9.81539872798435,75.1645288895856,1.212913814568,1.35286222383978,0.340639207245066,-0.524748459865342,-0.4015300487549,0.703446890421665,1
0.407721397693863,0.201554855675147,3826.86893503117,4.8535729574364,0.0109661964349905,9.73502170988258,72.9128327374092,1.27307599653655,1.4180917072307,0.337610734108109,-0.508454649139864,-0.419708593548812,0.72850165621712,1
0.359254036874598,0.233550177348337,4188.07530869367,4.74832512842466,0.0115670821426968,9.52464683219178,68.0168805637594,1.36778685565422,1.53953587824291,0.316618037415493,-0.406681696739211,-0.395089401907742,0.729951759873889,1
0.381412368440103,0.196893346379648,4218.1458359563,4.92015884907045,0.0106672403079393,9.86848091976517,74.6504688398815,1.30927770195294,1.45044558776356,0.342132894563286,-0.52896764630758,-0.447851041454927,0.753930983794213,1
0.412073828613616,0.169723886986301,3933.58991468543,4.94917594178082,0.0104871697320901,9.92623761619374,76.7159244341404,1.24040230637782,1.35952486688898,0.358823851630429,-0.614350931989027,-0.473511873884873,0.755963608094687,1
0.385116118653735,0.205438937133072,4270.25106253305,4.97892918297456,0.0103675637843819,9.98568065068493,76.9139367287861,1.2896734733036,1.43760568391401,0.33557054755864,-0.498761259604719,-0.416320921137931,0.729299000165597,1
0.35808493982024,0.246559289383562,4658.32526765722,5.00737065802348,0.0102577082900495,10.0420216181507,76.9828580780945,1.34318030382276,1.52174428407267,0.307618360951808,-0.366274257982744,-0.354198740321,0.694252737142499,1
0.398798926050382,0.213546508072407,3966.66948610711,4.88743120107632,0.0107548184244981,9.80294918052838,73.9597033263977,1.27477571271477,1.42957729021121,0.329112732476011,-0.4686921637253,-0.388932981355212,0.707119067330472,1
0.352816805195449,0.21504479574364,4792.07994373996,5.03743272994129,0.0101438197241611,10.1022703644814,78.1886825987552,1.33818129463859,1.49321350474576,0.326853537572039,-0.459667212230355,-0.412051328047214,0.735331939361318,1
0.355726381242034,0.234342129403131,4827.88346130869,5.08119419642857,0.00993590045806223,10.1902917074364,79.971451922522,1.31947068201996,1.48649764929904,0.314103486502422,-0.399668854020102,-0.366343889766912,0.698557251593653,1
0.424761798101944,0.183067056017613,3860.0228566255,4.98439028864971,0.010285304344427,9.99674581090998,78.3303049859093,1.21113743620152,1.33978587981234,0.348501471653312,-0.565308359231087,-0.424516688534396,0.718199324470097,1
0.474461441373999,0.164012047455969,3464.77240416504,5.00493976272016,0.0101363659226956,10.0376880503914,80.6675610679713,1.11044237681232,1.22390276212527,0.363409890973638,-0.637387365388458,-0.426616952668218,0.697655756797318,1
0.40395822035063,0.18397290851272,3833.4250653512,4.83413802592955,0.0110411767917979,9.69610215875734,72.4271943838417,1.26189835338321,1.39507999439631,0.348813576279145,-0.564275942808531,-0.444612906136132,0.742395750112846,1
0.462241351741831,0.177763423434442,3375.59266720399,4.86915362035225,0.0108324283079991,9.76616392490215,75.0896715121543,1.16612513399992,1.29206969145998,0.354395737048003,-0.590082223513772,-0.42506259865061,0.709787395252365,1
0.434739658436456,0.205307454745597,3639.96673399986,4.89831136863992,0.0107061743267063,9.82451917196673,75.2187271682233,1.21863155588964,1.36418105327374,0.334770597144233,-0.496679722025568,-0.382818856143648,0.690838697252056,1
0.418422595540494,0.212243915117417,3998.40288742846,5.03476409613503,0.0100940364454975,10.0973542991683,79.8305043502557,1.22669134241173,1.37738029994344,0.33020423316724,-0.474121036184917,-0.37117771716942,0.683884312478303,1
0.398607167436835,0.215284827544031,4134.76964432698,4.99135885518591,0.0102723255082227,10.0104008683953,77.6862747655534,1.26323469471535,1.41691027276079,0.325124211174906,-0.453951375681141,-0.371685552458249,0.691180918854859,1
0.347018438983173,0.236826534980431,5097.65996018191,5.15569960861057,0.00962887548892259,10.3391634050881,82.7693718160937,1.30985302847199,1.47689216276234,0.310469312394289,-0.386683815238764,-0.352114439824347,0.685099070430219,1
0.381893873696414,0.230123990949119,4252.39956315084,4.94859650195695,0.0104817111444029,9.92483641144814,75.5646102847741,1.30342682666862,1.46911592541636,0.315461256458459,-0.407132455721935,-0.360077180173542,0.690545306814272,1
0.382968991928483,0.230108702299413,4302.96119624317,4.98494144447162,0.010341275539224,9.99768300513699,76.8790047826355,1.30174153756597,1.46655651325049,0.31817328106882,-0.41689988506505,-0.367515260534741,0.69621279983775,1
0.434031731044339,0.193327268835616,3718.28564521435,4.94749801247554,0.0104495909593349,9.92293068126223,77.1100335710796,1.20605563000456,1.34452427936287,0.343685105977598,-0.538526759459652,-0.403825942291071,0.703670357580673,1
0.418412353461163,0.19577498165362,3877.14721500858,4.95466762475538,0.010459025335992,9.93708644202544,76.8886761633089,1.23850846450207,1.37810822638492,0.344797302032275,-0.539935660082155,-0.423764505203193,0.724519053380915,1
0.438711647706491,0.182502904843444,3573.98759658197,4.8750107020548,0.0108043600074916,9.77839484466732,74.7284085392813,1.20249951403452,1.33130110017056,0.353212599641654,-0.581893419274739,-0.438090557065102,0.726363624744425,1
0.317395197864158,0.246883408757339,5755.11334044413,5.22668557363014,0.00938541701709832,10.4810321367417,85.02866004068,1.3316234436064,1.5061468882513,0.309635019463406,-0.374707156142415,-0.362025252107044,0.698247676490221,1
0.36190899206799,0.221608977495108,4601.63943932901,5.00285821306262,0.0102838456267418,10.0334079929061,77.1397109861247,1.32773747761909,1.48710429765106,0.326083181079673,-0.451831464481998,-0.404582334839771,0.728809482648819,1
0.342300062390117,0.234460616438356,5242.91625799212,5.19068080357143,0.00950929345954709,10.4088184931507,84.1641596203729,1.30498815698975,1.4713526404505,0.320115197447766,-0.421600038218728,-0.377557172370401,0.705210289015985,1
0.331104524196007,0.23693279109589,5436.57535346562,5.19236331947162,0.00953625232744671,10.4123096563112,83.8194762808676,1.33187899669463,1.5006957390006,0.318185268015812,-0.412313545602712,-0.384292647953611,0.715304557775791,1
0.322599151973746,0.22937866927593,5516.98946486084,5.15662380748532,0.00970762337180655,10.3411386986301,82.0275926320067,1.36539271632521,1.52852254557396,0.320010863301844,-0.425923340651965,-0.404852752245289,0.735592584002047,1
0.371169675910246,0.186129372553816,4659.07440585916,5.10145012842466,0.00987462009223026,10.23046875,81.3559410780435,1.28513621637443,1.41502151751945,0.345824799118896,-0.554199843228353,-0.450559709589225,0.750050798592656,1
0.315764796232378,0.235518590998043,5783.40196626022,5.22258745107632,0.00944245996966807,10.4726272015656,84.6170924568521,1.35162332912424,1.51914383431385,0.31822385400676,-0.414534173646334,-0.394041937753556,0.725946106121945,1
0.355078671558475,0.225147535469667,5092.33863624288,5.21712022994129,0.00937915857864818,10.4619419642857,85.8684971010179,1.25914902934416,1.41754760009297,0.321376773881455,-0.434908873887107,-0.361779052429075,0.683215066594364,1
0.365571561513119,0.224461839530333,4879.43967957013,5.18544367661448,0.00949128451970092,10.3985223520059,84.783191276794,1.25381093799391,1.41186834031012,0.320948212388887,-0.433580497662583,-0.35716966469777,0.678417676078436,1
0.350448026032902,0.238342404598826,4942.91797235518,5.10119863013699,0.00986973562660835,10.2298105736301,80.6073849706669,1.32469599829545,1.49663836890667,0.315509166485519,-0.400264480497789,-0.370014372149335,0.703210793495946,1
0.366662524530981,0.239585371819961,4690.24122348116,5.08972220523483,0.00988817770973876,10.2070381298924,80.6671422068837,1.2942157864693,1.46669412345935,0.315700323478516,-0.400935151706948,-0.356288787194237,0.686971944487893,1
0.364339603668319,0.243268407534247,4637.82431725178,5.04361928204501,0.0100810780612864,10.1149912854697,78.7290212630117,1.31244930327844,1.48734895946651,0.310690600189723,-0.380604522976538,-0.349275373373604,0.684486396507949,1
0.290305165143615,0.257641267123288,6256.37399540623,5.19281051247554,0.00961839226607192,10.4133240582192,82.5002409591925,1.41783444605696,1.60180441309429,0.304807941500064,-0.350201213821486,-0.384781809143616,0.731580846218049,1
0.309176777601868,0.249074272260274,6091.93629708754,5.30388866805284,0.00912861581285062,10.6355071245108,88.0547741365406,1.3235152549071,1.49787505095921,0.309451257333582,-0.374283713901986,-0.361241128827805,0.696258449541423,1
0.381136322579545,0.235517826565558,4460.78711621448,5.06596058586106,0.0099690665572886,10.1594843138454,80.0493680921873,1.27834143286407,1.44577449844745,0.313468875580268,-0.396569747810231,-0.341843600911675,0.671158325353627,1
0.312205595883322,0.220544123043053,5851.38018272533,5.21919031311155,0.0094921784682903,10.4661119434932,84.3475324683251,1.3650297081618,1.52083924509021,0.326084953103199,-0.455695083205733,-0.424761133070334,0.749110496330206,1
0.322598802482666,0.208187071917808,5619.4965709253,5.20431598581213,0.00951808482243825,10.4363342404599,84.206500225285,1.34029200804504,1.48847163271635,0.33539133763056,-0.497816463869973,-0.441165390234114,0.755569819200362,1
0.343110333072275,0.185341242661448,5372.17269192682,5.25814732142857,0.00928727315102171,10.5439097663894,86.9942555939564,1.29058969733552,1.41778627525156,0.346551211601993,-0.55968092841102,-0.458566226022962,0.755902163126957,1
0.424799614385792,0.192563600782779,3927.13714144192,5.02841854207437,0.0101185353595506,10.0847694471624,79.8584656989608,1.21263768482758,1.34819095812692,0.342015074198117,-0.534683091435632,-0.402489222382622,0.703273354052954,1
0.358659545499205,0.225099376223092,4716.50244467288,5.04150715508806,0.010149056724925,10.110545346135,78.318846131235,1.33774939536115,1.49772400176323,0.317261985296543,-0.419625850724874,-0.382869673728583,0.713711391268336,1
0.393435094951275,0.199669765166341,4315.54524785317,5.0643285225049,0.00998595145722529,10.1565206090998,80.4226918787164,1.25576916148428,1.39549902966426,0.333296650886983,-0.498631782237928,-0.396652745736679,0.707262493306405,1
0.365924087483451,0.201025103962818,4301.19634992931,4.85666355797456,0.0110891682844211,9.74148727984345,71.8196083458572,1.36031471746538,1.50649646829906,0.340839379635442,-0.521547233621286,-0.46196344662683,0.77254371994738,1
0.348432966226288,0.229507093933464,4591.44721851847,4.89101638943248,0.0109882320591895,9.80983442392368,72.2168835809589,1.40808685118833,1.57330404053846,0.317646036357308,-0.416513756449302,-0.413281474439986,0.748804011368707,1
0.387696831809565,0.190756482387476,3937.58321074856,4.79123883928572,0.0113527234546405,9.61083812377691,70.2961904570348,1.31300594269927,1.44995394532735,0.342112051511937,-0.535261180089832,-0.448072832836549,0.75396671588543,1
0.34620503597673,0.205559717465753,4224.07275601635,4.67780776051859,0.0118540334503931,9.38384983488258,66.0703987579141,1.34148088161583,1.49056419820407,0.328734038799926,-0.474565105731536,-0.417484169816685,0.738901695131894,1
0.358791913037977,0.168644508317025,4007.71137312491,4.63364955357143,0.0122763037446977,9.2953751834638,64.7876873630114,1.35046874896642,1.47428315944637,0.359173849342058,-0.614399176212637,-0.51785886577745,0.802892294376145,1
0.40633813943604,0.205987799657534,4069.77638548378,4.99990291707437,0.0102846856814137,10.0273108794031,78.0488867792914,1.26317703083273,1.41013038327216,0.331870549812174,-0.486798762998497,-0.392538169755055,0.706560916807515,1
0.321816400566544,0.222246514187867,5584.83868470245,5.18353488869863,0.00957991593877184,10.3944486912916,83.1265951586334,1.35412895947335,1.51080965002171,0.317006931443466,-0.422571994791774,-0.393283549489673,0.724067626799913,1
0.430261061877074,0.180351791829746,3686.63762426433,4.90086151541096,0.0107124084943893,9.82943370841487,75.2292871743401,1.22703970431234,1.35615470099051,0.350495681418374,-0.574122192765388,-0.436891528952402,0.730128241318861,1
0.422163112858828,0.180367844911937,3965.08491148586,5.0327498165362,0.0101662059008062,10.0933555528376,79.8398335338173,1.23001050431726,1.35658518865764,0.351909148738408,-0.580283754476973,-0.448832829883811,0.738603846455221,1
0.370275503890455,0.208199302837573,4791.41459679373,5.1712550452544,0.00956435967192894,10.370207008317,84.2736495768654,1.25599607406105,1.40163923311071,0.329568893109215,-0.477675852908907,-0.387211276429262,0.700995931857046,1
0.3470343417851,0.244585524706458,5083.2834125085,5.14630167563601,0.00973009985239621,10.3200839346869,82.2319561425798,1.32638823413292,1.5004622818207,0.312023156593591,-0.384601455252016,-0.363109523425922,0.698225210435938,1
0.35703549225786,0.219060359589041,4806.44659817978,5.07382506727006,0.0101180930911188,10.1752438539628,79.4856426727237,1.34466123092025,1.49950645613185,0.326856219815736,-0.45806191192804,-0.419370067562484,0.74173413664854,1
0.403711978560089,0.198871697651663,4204.24269464768,5.06394248409981,0.0100581170546737,10.155393071184,80.4751961473602,1.25685079961499,1.39807505836595,0.33814107116177,-0.515431325437703,-0.41338447386294,0.720304566733438,1
0.40967983219685,0.19357341609589,3970.07754923371,4.95646633439334,0.0105267304715156,9.94053938356164,76.5096767690867,1.26968870025942,1.40768665552909,0.341738968298996,-0.53223561105482,-0.429070018712633,0.7335189096049,1
0.396215230184365,0.204429121819961,4260.01319065208,5.04876620596869,0.0100907374250584,10.1249686582681,79.7339210399036,1.26644821725885,1.41169981254994,0.333129689005975,-0.492331587785471,-0.400511211477998,0.713080180149094,1
0.349746293140798,0.220814732142857,5163.73970486438,5.21040239726027,0.00943671365579319,10.4483365949119,85.2921401316145,1.28079791467162,1.43543526770927,0.321693633888873,-0.439017287716557,-0.375478786966187,0.697453545953127,1
0.324900329430431,0.205204256360078,5580.88173200989,5.2068852433953,0.00949355431815859,10.4414826932485,84.3045551169752,1.33744779170662,1.48080587740865,0.330909905207157,-0.486910225652145,-0.427978100174432,0.745033141366208,1
0.328034738195609,0.232427226027397,5460.23805194308,5.17794306506849,0.00960263042864346,10.382810971135,82.9227159752702,1.35242455404757,1.51867342605961,0.310677438751342,-0.391143484290142,-0.371817601513308,0.708299476907978,1
0.420510187967403,0.181687255381605,4000.52999126511,5.04702024217221,0.0100651780436785,10.1217083537182,80.4713646714896,1.21847789073931,1.34694896781816,0.349967814720928,-0.572071770147776,-0.432785243506227,0.725527714918454,1
0.387120793579354,0.177401846868885,4433.15474983595,5.08642750122309,0.0099402087552242,10.200469361546,81.1379018268926,1.26688108594771,1.39017332075841,0.35142022291167,-0.582303217647726,-0.461674021627774,0.753363980532443,1
0.340027282889683,0.236539108365949,4967.97435695365,5.0274163710861,0.0102987767484307,10.0824371636497,77.0624223365563,1.39176126289978,1.56231601020692,0.311686824286735,-0.388851386789652,-0.390970813582165,0.730360697332923,1
0.300676670095135,0.221635732632094,6168.29821868393,5.25320679427593,0.00937236112592195,10.5339782595401,85.3640041771289,1.3790025422421,1.53668872133404,0.322106630135384,-0.440644052935435,-0.421585204343613,0.749314454823088,1
0.310315346687064,0.21169581702544,5976.90134904821,5.25993303571429,0.00930903112547047,10.5472472786204,86.0325656633318,1.35063088214574,1.4993495126695,0.325997781400969,-0.46298901516725,-0.420364417061003,0.742497016942234,1
0.293347192018548,0.238233090753425,6165.92827453985,5.18325816413894,0.00964407180346046,10.394507552593,82.1612764026858,1.41693730327712,1.58592300465276,0.307201318909635,-0.374956298523052,-0.393052771552074,0.735523847295227,1
0.305997567541658,0.235905393835616,5896.82680742908,5.18368165973581,0.00963993840424718,10.3951206274462,82.555671959828,1.39433291625209,1.56384687781521,0.314040934735429,-0.399667786303914,-0.399916408065711,0.737414120555519,1
