B1 (10),Buff,739.8259,34.00446,31.09536,29.13679,26.15773
B1 (11),Buff,757.0466,27.98405,26.20946,24.53723,22.55965
B1 (13),Buff,682.4707,28.93582,23.64971,22.73261,21.21602
B1 (15),Buff,702.5653,28.43993,24.70495,22.06077,20.94263
B1 (16),Buff,734.1573,31.0814,27.26901,25.24245,22.35962
B1 (17),Buff,738.658,34.66438,29.05267,26.92965,25.77514
B1 (18),Buff,728.9309,32.93028,30.46893,28.999,26.14095
B1 (19),Buff,761.9028,34.0575,31.6064,27.94144,27.63213
B1 (2),Buff,707.3701,28.24919,26.647,24.86534,23.38721
B1 (21),Buff,762.9852,37.00523,31.76495,29.16789,27.06977
B1 (22),Buff,737.1358,36.61277,34.61961,30.28208,27.3843
B1 (25),Buff,718.5822,30.52711,25.81336,23.24177,22.9194
B1 (3),Buff,735.0879,26.92672,25.30404,23.691,21.55706
B1 (4),Buff,707.7885,30.04918,26.14044,25.19043,23.32585
B1 (5),Buff,674.5552,30.16213,28.81242,24.99582,24.47934
B1 (6),Buff,746.8238,31.93455,30.30959,28.02273,25.8821
B1 (7),Buff,749.2503,30.22758,26.36058,24.35775,22.44948
B1 (8),Buff,721.3854,26.04048,23.74499,22.48603,21.10003
B2 (1),Buff,770.0446,35.44708,32.02409,27.21051,24.93748
B2 (10),Buff,765.5028,33.65946,28.74645,27.65822,25.30393
B2 (12),Buff,740.6444,32.74439,29.32566,25.17164,24.22922
B2 (13),Buff,758.5986,34.33067,30.74993,25.47745,23.43749
B2 (14),Buff,785.9548,32.51467,30.61264,27.9638,26.51701
B2 (15),Buff,748.569,33.61686,30.47185,29.34874,28.78572
B2 (17),Buff,719.3725,29.59293,27.88144,25.75991,24.85651
B2 (18),Buff,814.5439,34.53381,31.00532,28.69485,27.19441
B2 (19),Buff,784.8549,32.73153,32.47931,30.76166,29.11146
B2 (2),Buff,763.2818,35.82056,30.71602,28.52299,25.69097
B2 (20),Buff,798.4881,30.78847,28.33438,25.91416,24.39232
B2 (21),Buff,788.8729,33.03348,30.82416,29.08552,26.80973
B2 (22),Buff,793.3424,34.3257,28.7908,27.84619,26.05459
B2 (24),Buff,793.833,34.25687,29.43875,26.25612,24.94428
B2 (25),Buff,730.1896,26.13459,24.25977,22.89968,21.62647
B2 (3),Buff,743.7733,34.33108,30.48287,27.42238,24.65406
B2 (4),Buff,761.4814,34.33167,28.25857,27.1707,23.51539
B2 (5),Buff,763.5456,30.10589,29.46698,26.86382,24.27262
B2 (6),Buff,743.2388,30.9005,29.9279,24.53577,23.12306
B2 (7),Buff,717.959,30.69295,27.58703,26.50796,23.87678
B2 (8),Buff,740.1092,32.60496,29.05403,25.92243,23.63619
B2 (9),Buff,753.5783,29.19254,27.19558,25.30303,22.95985
B3 (1),Buff,690.6153,26.78166,25.57263,25.16986,23.65603
B3 (11),Buff,694.3127,35.9405,30.33049,26.71719,26.11264
B3 (12),Buff,719.2417,35.51723,28.24308,28.02147,25.5227
B3 (13),Buff,719.9685,30.13367,26.84152,26.04679,23.99551
B3 (14),Buff,709.7808,31.51761,30.65537,29.27992,27.04448
B3 (15),Buff,747.1449,31.2128,30.63676,28.60768,26.55111
B3 (16),Buff,737.0726,32.56604,31.67372,30.31672,28.13548
B3 (17),Buff,724.4652,35.06088,31.69335,29.73366,28.09385
B3 (18),Buff,721.4587,33.25069,29.67058,28.96832,26.49974
B3 (19),Buff,721.9347,30.67213,28.81121,26.77784,24.88056
B3 (2),Buff,693.9055,26.64442,25.94403,25.10691,24.64916
B3 (20),Buff,733.5306,31.98581,28.50214,27.58821,26.64464
B3 (21),Buff,750.263,28.73356,25.117,24.66805,22.85452
B3 (23),Buff,785.536,27.87649,25.19352,23.64112,22.17258
B3 (24),Buff,750.8447,27.39853,25.2509,23.99437,23.8773
B3 (6),Buff,721.4289,31.11731,26.98454,26.44635,25.39894
B3 (9),Buff,705.6717,33.89856,30.36757,28.9077,27.64698
BBTS1 (1),Buff,578.0901,23.916,22.51777,18.59687,18.48499
BBTS1 (10),Buff,607.5469,17.34438,15.82284,15.11183,13.62542
BBTS1 (100),Buff,513.3087,19.31854,19.04042,17.03592,16.8501
BBTS1 (101),Buff,517.2014,18.59279,18.41949,17.24848,15.61153
BBTS1 (106),Buff,514.5789,18.30784,15.86286,14.83519,14.46473
BBTS1 (107),Buff,530.1212,15.16008,14.8663,14.1842,12.54307
BBTS1 (108),Buff,529.7217,18.47099,16.15182,15.45522,14.7736
BBTS1 (109),Buff,562.6885,20.25203,18.69582,17.01778,15.90275
BBTS1 (112),Buff,543.2334,18.08189,16.85763,15.92911,15.67607
BBTS1 (113),Buff,540.4899,17.9734,15.01122,14.605,14.41981
BBTS1 (117),Buff,560.9191,17.9634,15.71362,14.63506,13.59354
BBTS1 (118),Buff,565.0142,14.89565,14.33364,13.57757,11.95683
BBTS1 (119),Buff,555.0939,15.06087,13.97426,13.19346,12.70673
BBTS1 (121),Buff,532.0044,15.41758,14.51533,14.05247,12.62587
BBTS1 (122),Buff,535.0071,16.45814,14.63126,13.61291,12.83809
BBTS1 (123),Buff,533.1018,15.66815,13.97327,12.89922,12.39259
BBTS1 (124),Buff,529.816,16.51655,14.80721,13.5196,12.62164
BBTS1 (125),Buff,505.7651,15.42463,14.11949,13.77677,12.96616
BBTS1 (129),Buff,503.0315,20.90344,18.89972,17.41751,17.12021
BBTS1 (13),Buff,578.8373,15.81598,13.98267,12.68677,12.40168
BBTS1 (132),Buff,551.7068,20.12578,17.49947,17.06787,16.32832
BBTS1 (133),Buff,531.8927,23.348,21.15111,19.0999,18.48946
BBTS1 (137),Buff,539.5241,17.97752,17.28522,16.36003,15.03984
BBTS1 (139),Buff,526.0031,15.48645,15.10322,13.66129,13.34112
BBTS1 (14),Buff,569.7622,15.2324,14.65459,13.50289,12.66014
BBTS1 (141),Buff,529.4263,14.93057,13.72032,12.78728,11.64885
BBTS1 (142),Buff,558.0712,14.38116,14.14003,12.84092,12.1161
BBTS1 (143),Buff,523.1822,12.22257,11.61386,11.22932,10.84803
BBTS1 (144),Buff,527.2852,16.14089,12.83884,12.08736,11.65947
BBTS1 (145),Buff,519.2595,13.92465,12.00467,11.52612,11.3447
BBTS1 (146),Buff,525.2955,15.06803,13.51216,13.13054,12.59106
BBTS1 (151),Buff,611.0686,19.77916,18.73874,16.89856,16.74636
BBTS1 (152),Buff,596.8224,16.2437,15.32227,14.55915,13.76084
BBTS1 (154),Buff,567.3158,19.40341,16.36484,15.43436,14.80134
BBTS1 (155),Buff,551.4025,17.19924,16.64232,15.28335,13.89627
BBTS1 (158),Buff,493.0099,29.93029,27.03349,24.60377,23.39541
BBTS1 (159),Buff,507.2624,29.2496,28.10705,26.25569,25.09175
BBTS1 (16),Buff,534.3124,13.54375,12.59881,12.53727,11.62105
BBTS1 (173),Buff,569.7566,17.18812,15.25327,14.37555,13.89776
BBTS1 (174),Buff,552.446,15.36794,13.39087,12.79576,12.40913
BBTS1 (175),Buff,524.7258,16.10649,15.43141,14.76378,13.29312
BBTS1 (179),Buff,543.446,16.01082,14.27492,13.60147,12.1558
BBTS1 (18),Buff,582.4712,13.48224,12.72756,11.67931,11.11958
BBTS1 (182),Buff,482.2549,15.07034,12.08176,11.34083,11.04262
BBTS1 (184),Buff,488.1505,16.29524,15.92151,14.5932,14.07461
BBTS1 (188),Buff,534.9949,14.0104,13.0221,12.12137,11.7054
BBTS1 (190),Buff,554.7446,16.3512,15.77813,14.10099,13.16356
BBTS1 (191),Buff,543.52,15.23738,13.00915,12.56705,12.32974
BBTS1 (193),Buff,529.6522,22.75685,19.95115,19.30869,18.74055
BBTS1 (198),Buff,560.5131,17.39536,16.54207,15.17634,14.8043
BBTS1 (2),Buff,605.0151,19.58671,18.85919,17.72455,16.64364
BBTS1 (20),Buff,567.435,14.62992,13.89661,13.74282,13.18884
BBTS1 (21),Buff,575.8748,14.33796,13.86263,13.32597,12.44764
BBTS1 (22),Buff,616.9076,17.51945,17.02966,16.38805,15.59587
BBTS1 (221),Buff,497.5095,16.95461,15.64291,14.14675,13.40137
BBTS1 (224),Buff,533.3359,17.28292,16.99249,16.40077,16.08367
BBTS1 (225),Buff,509.6937,17.57427,15.79685,14.75656,14.66018
BBTS1 (227),Buff,530.4486,19.39563,17.56519,17.4055,15.7036
BBTS1 (229),Buff,540.1817,17.02906,15.93072,14.93543,14.59695
BBTS1 (231),Buff,515.8274,23.29472,21.29182,19.85701,19.21551
BBTS1 (233),Buff,529.943,20.26596,18.37776,18.22773,16.56909
BBTS1 (25),Buff,556.0734,17.71619,17.0757,15.42443,14.44763
BBTS1 (26),Buff,536.4992,15.09007,14.84647,14.45573,13.57775
BBTS1 (27),Buff,575.0431,16.28636,14.78744,13.6745,12.8093
BBTS1 (28),Buff,576.5721,17.19013,15.92554,14.28181,12.8955
BBTS1 (29),Buff,577.4272,16.51856,15.76799,14.61086,14.09546
BBTS1 (30),Buff,589.3871,15.02588,13.65058,13.2125,12.19561
BBTS1 (31),Buff,597.1688,15.60668,13.13549,12.78484,11.84132
BBTS1 (34),Buff,575.9082,13.80371,13.76582,12.60295,12.30336
BBTS1 (35),Buff,572.663,14.59074,12.61587,12.19172,11.99997
BBTS1 (36),Buff,557.2099,15.19259,13.30689,12.86229,11.50016
BBTS1 (37),Buff,576.6677,15.24835,13.57731,13.51245,12.42679
BBTS1 (38),Buff,545.2684,20.46828,16.5775,16.30771,15.64941
BBTS1 (42),Buff,630.7065,19.83689,18.22892,17.19488,16.82049
BBTS1 (43),Buff,604.4726,15.20194,12.77619,12.17282,11.69536
BBTS1 (44),Buff,601.8556,15.34198,14.47099,13.30277,12.7241
BBTS1 (45),Buff,654.8019,20.40988,18.12006,17.12776,15.94464
BBTS1 (46),Buff,626.4158,18.66301,18.34488,16.79241,15.80559
BBTS1 (48),Buff,610.406,18.50192,15.88972,15.62982,14.9377
BBTS1 (5),Buff,655.8626,16.9351,16.68237,16.09277,15.02301
BBTS1 (50),Buff,587.507,15.82562,15.47248,14.59155,13.72778
BBTS1 (52),Buff,592.4908,21.7314,19.45202,18.89944,17.19078
BBTS1 (55),Buff,572.8647,16.69839,15.57125,15.07441,13.70147
BBTS1 (56),Buff,632.4657,21.09057,18.79043,17.65914,16.96397
BBTS1 (57),Buff,559.5331,21.1484,18.77574,18.62457,17.46257
BBTS1 (58),Buff,577.1153,17.2549,14.93531,14.76513,13.89344
BBTS1 (59),Buff,533.5661,19.45119,17.72584,15.64998,15.03328
BBTS1 (6),Buff,640.1292,16.88491,16.71307,16.05264,14.96405
BBTS1 (61),Buff,590.9713,20.96768,19.79542,17.98405,16.49194
BBTS1 (62),Buff,661.9482,25.24414,23.34663,22.87659,21.02217
BBTS1 (63),Buff,605.8638,24.70023,23.72167,21.50584,20.84855
BBTS1 (64),Buff,561.515,20.03716,16.89003,16.56215,15.29509
BBTS1 (70),Buff,558.7831,18.78332,17.62686,14.81033,14.77144
BBTS1 (76),Buff,599.598,16.05064,14.25203,13.47401,12.77455
BBTS1 (77),Buff,614.185,16.61421,15.22363,14.98842,13.74941
BBTS1 (8),Buff,571.199,16.25814,15.50065,14.72388,14.08154
BBTS1 (81),Buff,593.4098,15.55839,14.98684,13.7338,12.86507
BBTS1 (88),Buff,554.5334,15.79042,14.10226,12.25105,12.13071
BBTS1 (89),Buff,549.0376,15.79513,13.81357,13.19136,11.69969
BBTS1 (95),Buff,591.1563,16.3402,14.98382,14.92034,13.93298
BBTS1 (98),Buff,487.3353,13.89673,12.51853,11.17484,10.81551
BBTS8 (1),Buff,460.2766,14.56538,12.77876,12.62299,11.58253
BBTS8 (10),Buff,516.3291,13.32601,12.4268,11.80647,11.34302
BBTS8 (100),Buff,477.534,15.40772,14.4538,14.08601,13.03422
BBTS8 (11),Buff,525.7601,13.15924,12.61998,12.10287,11.64311
BBTS8 (13),Buff,457.594,13.03986,12.74914,12.12939,11.52804
BBTS8 (14),Buff,494.973,14.31482,14.00199,13.63879,12.36493
BBTS8 (15),Buff,508.8497,15.95592,15.19113,13.95415,12.93765
BBTS8 (17),Buff,511.3087,12.7546,11.70323,10.85466,10.83556
BBTS8 (18),Buff,496.9334,19.42524,15.24968,14.73928,14.04549
BBTS8 (2),Buff,466.1221,14.83659,13.09342,12.70682,11.68741
BBTS8 (20),Buff,510.0268,14.35098,13.97778,12.58187,11.96016
BBTS8 (21),Buff,510.385,12.67751,12.24504,11.09418,10.68953
BBTS8 (22),Buff,513.6321,13.14669,12.56653,12.35307,11.82086
BBTS8 (23),Buff,504.8887,12.5872,12.00887,11.29454,10.96089
BBTS8 (24),Buff,504.1704,14.20486,13.77428,13.17175,12.09344
BBTS8 (26),Buff,513.6643,13.00592,12.42663,11.99677,11.67782
BBTS8 (27),Buff,471.1166,13.98805,12.21102,10.94615,10.6642
BBTS8 (28),Buff,497.5872,13.37947,12.73767,12.32595,11.55693
BBTS8 (29),Buff,497.463,16.0207,15.11154,14.74917,13.3281
BBTS8 (3),Buff,475.0315,12.97097,12.80307,11.99083,11.68746
BBTS8 (30),Buff,498.1619,15.42602,15.04355,14.14715,13.05409
BBTS8 (32),Buff,480.8333,14.812,14.44935,12.26271,12.18775
BBTS8 (33),Buff,486.7266,13.0237,12.21541,11.73101,11.43382
BBTS8 (35),Buff,503.9855,16.38317,13.98235,12.6502,11.11474
BBTS8 (36),Buff,478.6735,13.09706,12.62256,11.9997,11.73248
BBTS8 (37),Buff,463.9311,13.12723,12.18691,11.42685,11.04221
BBTS8 (38),Buff,512.1375,15.01709,14.02759,13.46773,12.49715
BBTS8 (39),Buff,523.8048,13.24545,12.74948,12.22596,12.11392
BBTS8 (4),Buff,485.1382,13.04405,12.2422,11.95822,11.3401
BBTS8 (40),Buff,489.0189,13.67952,13.01334,11.83101,11.4361
BBTS8 (42),Buff,486.8098,15.36747,13.8343,13.25804,11.88557
BBTS8 (43),Buff,506.9232,14.11985,13.39316,11.9501,11.50567
BBTS8 (44),Buff,495.7683,14.33712,13.60564,12.33171,12.12833
BBTS8 (46),Buff,491.49,13.8532,12.7247,12.26341,11.74787
BBTS8 (47),Buff,478.8609,13.92939,13.3697,12.88912,12.36494
BBTS8 (48),Buff,487.053,15.55158,14.19364,12.80997,12.42399
BBTS8 (5),Buff,500.7281,15.25362,15.19244,14.37956,13.46904
BBTS8 (50),Buff,496.2662,12.54076,11.92321,11.25816,10.91623
BBTS8 (51),Buff,470.8968,16.2534,15.54575,13.4554,13.17705
BBTS8 (52),Buff,488.7622,13.33687,12.53372,11.82748,11.13339
BBTS8 (53),Buff,475.53,12.22492,11.70203,11.59557,11.05709
BBTS8 (54),Buff,509.354,13.56053,12.69926,11.89779,11.29293
BBTS8 (55),Buff,513.21,14.79316,12.80529,12.63442,11.93342
BBTS8 (57),Buff,458.4705,14.93696,13.24161,12.5669,12.21423
BBTS8 (58),Buff,479.6764,13.77167,13.08237,12.90021,12.03023
BBTS8 (59),Buff,477.0254,15.02569,13.50518,12.24906,11.75606
BBTS8 (6),Buff,475.5716,13.6671,12.93562,12.53285,11.84321
BBTS8 (60),Buff,473.4033,13.85601,13.65033,12.4221,12.31201
BBTS8 (61),Buff,497.9276,15.42655,14.94095,13.78659,13.19189
BBTS8 (62),Buff,472.8969,14.46874,12.69515,12.03136,11.91357
BBTS8 (64),Buff,484.6977,13.70397,12.26581,11.64253,11.03972
BBTS8 (66),Buff,466.7314,14.76711,13.98044,13.18676,12.04224
BBTS8 (67),Buff,470.727,13.02636,12.73063,11.71594,11.20382
BBTS8 (68),Buff,480.4146,13.79302,13.132,12.26759,12.12457
BBTS8 (69),Buff,467.7507,14.38762,12.9883,12.61374,11.68034
BBTS8 (7),Buff,502.0186,12.75306,12.06191,11.61642,11.46703
BBTS8 (70),Buff,473.4734,14.83366,13.8167,13.02131,11.94099
BBTS8 (72),Buff,497.6558,15.97773,14.98338,14.60014,13.29372
BBTS8 (73),Buff,490.1534,14.8948,14.09879,12.9142,12.42244
BBTS8 (75),Buff,498.2213,14.26815,13.08692,12.88994,12.16814
BBTS8 (77),Buff,501.9342,14.67867,14.15395,13.39758,12.51527
BBTS8 (78),Buff,482.806,13.67166,12.69593,12.23183,12.08528
BBTS8 (79),Buff,477.6639,13.20508,12.79459,12.13132,11.61982
BBTS8 (8),Buff,512.4151,12.68447,12.17317,11.55824,11.13959
BBTS8 (80),Buff,473.567,14.07031,13.03876,12.4555,11.70833
BBTS8 (81),Buff,492.0261,14.18529,12.88214,12.41997,11.82434
BBTS8 (82),Buff,478.7255,12.39936,12.16595,11.78936,11.39304
BBTS8 (83),Buff,475.0652,14.35204,13.89667,13.6228,13.08001
BBTS8 (84),Buff,493.9651,13.46402,13.0068,11.92101,11.53766
BBTS8 (87),Buff,496.2172,15.12159,14.01146,13.28338,12.62142
BBTS8 (88),Buff,463.3661,14.00458,13.45075,11.82214,11.57364
BBTS8 (89),Buff,475.14,19.5944,17.63397,15.54133,15.20291
BBTS8 (9),Buff,520.2417,14.13401,13.48001,12.71713,12.2029
BBTS8 (90),Buff,525.9719,16.18685,13.7852,12.88684,11.93303
BBTS8 (91),Buff,472.0244,15.38054,14.60703,14.2668,13.79585
BBTS8 (92),Buff,491.8213,14.9408,13.20583,12.96096,12.61956
BBTS8 (93),Buff,489.475,17.79302,16.95735,15.58926,14.77265
BBTS8 (94),Buff,459.2861,16.83155,15.58802,14.66661,13.6512
BBTS8 (95),Buff,464.9434,15.21945,14.33956,13.70305,12.53915
BBTS8 (97),Buff,452.6131,15.35348,15.21604,13.58653,13.4204
BBTS8 (98),Buff,462.8678,17.04855,13.78348,13.24753,13.20995
BBTS8 (99),Buff,471.1372,13.14746,12.16776,11.96289,11.40287
CBTS3 (1),Cow,546.4218,13.55096,12.5833,12.17904,11.55692
CBTS3 (10),Cow,485.1588,17.69178,16.96705,14.79347,14.49142
CBTS3 (12),Cow,485.6819,18.59353,17.09252,16.21189,15.08201
CBTS3 (13),Cow,515.8506,17.18526,16.56367,15.89626,15.19
CBTS3 (14),Cow,550.8666,18.5501,18.12392,17.07578,16.19596
CBTS3 (15),Cow,545.9893,17.73485,17.17851,16.38554,16.1211
CBTS3 (16),Cow,505.0357,14.07283,13.66832,12.78025,12.44465
CBTS3 (17),Cow,525.1453,15.54769,14.85533,14.23571,13.59914
CBTS3 (18),Cow,529.2071,15.76778,13.10359,12.53665,11.77713
CBTS3 (2),Cow,536.8813,17.53737,16.16761,15.92192,15.10893
CBTS3 (20),Cow,512.7738,15.93014,14.42391,13.33821,13.02238
CBTS3 (21),Cow,518.3371,15.13283,14.30127,13.63937,13.4161
CBTS3 (23),Cow,475.8428,15.83618,15.2048,14.36034,13.91742
CBTS3 (25),Cow,502.5383,15.06924,13.75,13.32551,12.82384
CBTS3 (26),Cow,504.2627,16.56052,15.58662,14.46394,13.97272
CBTS3 (27),Cow,532.6736,13.56576,12.85936,12.66544,12.20041
CBTS3 (28),Cow,526.2656,14.76095,14.505,14.16284,13.33208
CBTS3 (3),Cow,519.202,15.84094,14.45309,13.89483,12.4892
CBTS3 (31),Cow,589.7628,16.63909,14.34286,13.6322,13.03078
CBTS3 (32),Cow,535.6934,14.7307,13.267,13.21189,12.67427
CBTS3 (33),Cow,558.3188,14.75984,13.34791,12.72835,11.91014
CBTS3 (34),Cow,547.7374,13.98922,13.15155,12.68756,12.21309
CBTS3 (35),Cow,527.8584,16.14634,15.67282,14.64801,13.3617
CBTS3 (36),Cow,513.3209,15.4148,14.59371,14.12015,13.97455
CBTS3 (37),Cow,524.8595,18.74999,17.02835,16.72793,15.37194
CBTS3 (38),Cow,531.0782,13.99692,13.30929,13.18209,12.75644
CBTS3 (39),Cow,505.9274,15.00401,13.38023,12.93487,12.59884
CBTS3 (4),Cow,547.7897,16.63682,15.7642,14.83579,14.40985
CBTS3 (40),Cow,521.9181,15.67693,15.02634,14.78671,14.66363
CBTS3 (43),Cow,500.967,14.58621,13.8999,12.80623,12.1879
CBTS3 (44),Cow,524.8748,15.45031,15.2947,14.40657,13.93341
CBTS3 (46),Cow,486.9001,13.54113,12.60362,12.10763,12.0202
CBTS3 (47),Cow,491.6063,16.06545,14.63891,14.26287,13.69473
CBTS3 (48),Cow,539.0785,14.82598,13.94425,13.82213,13.34698
CBTS3 (5),Cow,524.6851,17.81888,16.80242,15.46948,15.36756
CBTS3 (50),Cow,533.3737,18.56254,17.70596,17.47639,16.37082
CBTS3 (51),Cow,515.1921,16.47601,14.26345,13.1391,12.91697
CBTS3 (53),Cow,516.2104,12.9034,11.8533,11.54711,10.77529
CBTS3 (55),Cow,538.1202,16.23643,15.92947,15.42272,15.14441
CBTS3 (56),Cow,518.8174,13.55321,12.98062,12.75126,12.27143
CBTS3 (57),Cow,527.5753,15.37201,14.28461,13.93155,13.0343
CBTS3 (58),Cow,508.6631,15.25328,13.92812,13.58307,12.8867
CBTS3 (59),Cow,496.8767,15.64562,14.68537,13.72038,13.09409
CBTS3 (6),Cow,512.7643,15.75502,14.8492,14.36903,13.7042
CBTS3 (62),Cow,510.9528,14.36761,13.79402,13.32452,12.88345
CBTS3 (63),Cow,499.9355,13.89731,13.00523,12.68218,12.03317
CBTS3 (64),Cow,461.7605,15.68495,14.60315,14.24999,13.21564
CBTS3 (65),Cow,458.749,15.71428,14.8536,14.55257,13.91897
CBTS3 (67),Cow,475.1196,16.50338,16.00442,15.23195,14.95667
CBTS3 (68),Cow,474.721,14.80924,13.94798,13.01728,12.26084
CBTS3 (69),Cow,522.0358,17.2818,15.68586,15.38793,14.73943
CBTS3 (70),Cow,530.8526,15.42836,15.03949,14.7514,13.96012
CBTS3 (71),Cow,555.9642,18.4181,14.03119,13.85205,13.44943
CBTS3 (72),Cow,551.9231,17.44062,16.55986,15.89318,14.44504
CBTS3 (76),Cow,552.594,18.06628,16.09813,15.6878,14.91393
CBTS3 (77),Cow,591.756,18.50256,16.15585,15.04921,14.68836
CBTS3 (78),Cow,589.4319,15.89316,14.91932,14.60941,13.4719
CBTS3 (79),Cow,557.381,16.0726,15.09523,14.54428,14.17105
CBTS3 (8),Cow,523.4946,19.71927,18.97647,17.50195,16.84206
CBTS3 (80),Cow,572.3347,16.90693,15.75821,15.26348,14.47599
CBTS3 (81),Cow,557.4285,18.4401,17.45672,15.44257,15.32281
CBTS3 (82),Cow,494.8155,18.07376,16.57756,16.48642,15.95104
CBTS3 (83),Cow,504.1457,16.14305,15.46982,14.78818,14.38789
CBTS3 (84),Cow,554.2645,18.29186,16.38344,16.32268,15.71594
CBTS3 (85),Cow,555.2207,15.76977,14.85067,14.18044,13.83562
CBTS3 (86),Cow,554.5811,17.431,16.63671,15.96567,15.28384
CBTS9 (1),Cow,630.4005,19.88366,19.40392,18.12327,17.46833
CBTS9 (10),Cow,680.9796,14.64101,13.38883,12.94088,12.62674
CBTS9 (101),Cow,635.7991,16.29294,15.03888,14.95823,14.39892
CBTS9 (102),Cow,642.7054,16.35329,15.11655,14.97215,14.03669
CBTS9 (104),Cow,668.6835,16.08681,13.94476,13.44358,12.68305
CBTS9 (105),Cow,674.8882,14.60955,12.82804,12.80207,12.40269
CBTS9 (107),Cow,668.8714,14.8491,14.03542,13.28533,13.07124
CBTS9 (108),Cow,677.3286,15.15341,14.13131,13.72452,13.17225
CBTS9 (109),Cow,680.946,14.25544,13.96812,13.50413,13.29027
CBTS9 (110),Cow,668.7011,14.33719,13.35986,12.98536,12.82092
CBTS9 (111),Cow,668.5136,15.20476,14.66964,13.94367,13.65285
CBTS9 (112),Cow,647.6062,18.35006,17.18666,15.62762,15.31673
CBTS9 (113),Cow,646.2665,19.96083,18.02622,17.99362,17.28325
CBTS9 (114),Cow,635.3267,18.82299,17.60097,16.61654,16.35978
CBTS9 (115),Cow,633.9315,16.38935,15.64519,14.55273,14.00136
CBTS9 (117),Cow,666.3601,15.0788,13.99989,13.37734,12.85035
CBTS9 (119),Cow,665.7272,15.62472,15.00118,14.8018,14.39724
CBTS9 (120),Cow,681.0049,15.7065,14.67585,14.36208,13.86398
CBTS9 (121),Cow,682.4742,15.32412,13.59461,13.3463,13.18707
CBTS9 (122),Cow,677.5326,14.64142,13.67479,13.38161,12.79089
CBTS9 (123),Cow,682.435,14.56154,13.91895,13.65493,13.11619
CBTS9 (124),Cow,682.7545,15.37364,14.06927,13.81403,13.11465
CBTS9 (125),Cow,675.0422,14.10402,13.64775,13.063,12.43165
CBTS9 (126),Cow,660.1839,17.21654,15.2813,14.30238,13.80264
CBTS9 (127),Cow,619.8688,17.66933,17.54152,16.40693,15.38751
CBTS9 (128),Cow,628.3593,15.60603,14.95746,14.65131,14.15533
CBTS9 (13),Cow,661.6046,15.97468,14.68742,14.10901,13.86987
CBTS9 (130),Cow,641.6248,16.81185,16.24354,15.19416,14.9632
CBTS9 (131),Cow,657.821,16.62307,16.4674,15.13508,14.80732
CBTS9 (132),Cow,651.4533,16.52366,15.25264,14.54824,13.74842
CBTS9 (133),Cow,660.0424,15.14095,14.99502,14.11343,13.93147
CBTS9 (135),Cow,678.8111,16.54456,14.99747,14.26563,13.99819
CBTS9 (136),Cow,675.25,15.63575,15.19902,14.75018,14.28229
CBTS9 (137),Cow,668.3577,16.23833,15.76214,15.28775,15.04172
CBTS9 (14),Cow,656.2345,13.99127,13.9494,13.53163,13.36484
CBTS9 (142),Cow,656.6212,15.13582,14.34859,14.00887,13.2861
CBTS9 (144),Cow,661.693,16.93516,15.44433,14.84331,14.51876
CBTS9 (145),Cow,647.1969,17.588,15.77445,15.21144,14.00744
CBTS9 (148),Cow,647.2612,14.7788,14.0815,13.27368,13.2035
CBTS9 (149),Cow,662.8764,13.29347,13.01899,12.65832,12.10092
CBTS9 (15),Cow,663.8884,16.5742,14.76115,14.1815,13.80493
CBTS9 (151),Cow,643.4572,14.08182,13.9951,13.81417,13.17759
CBTS9 (152),Cow,643.6168,15.95169,15.50894,14.27383,13.74891
CBTS9 (153),Cow,622.5918,14.58405,14.46922,13.73246,13.22801
CBTS9 (154),Cow,633.4288,14.14534,13.34169,12.89104,12.55514
CBTS9 (156),Cow,610.3247,16.65079,15.59258,14.91423,14.47282
CBTS9 (157),Cow,636.9907,14.87972,14.60553,14.21569,13.93743
CBTS9 (158),Cow,641.3852,15.07105,13.99401,12.95914,12.87569
CBTS9 (159),Cow,645.1513,14.32257,13.97636,12.86891,12.17687
CBTS9 (16),Cow,673.19,14.92215,14.04699,13.70562,13.51074
CBTS9 (160),Cow,649.0348,14.66925,13.57092,13.1634,12.78189
CBTS9 (161),Cow,630.4935,13.71093,13.28662,12.64684,12.30463
CBTS9 (163),Cow,660.0668,13.93352,13.11175,12.4533,12.08587
CBTS9 (164),Cow,646.2778,13.36075,12.72885,12.1257,11.7434
CBTS9 (166),Cow,622.8391,14.41729,13.4858,12.89423,12.53149
CBTS9 (167),Cow,629.538,14.29209,13.29068,12.90451,12.14829
CBTS9 (168),Cow,632.772,14.31202,13.33294,11.44542,11.10167
CBTS9 (169),Cow,651.9607,12.54708,11.54317,11.06687,10.78013
CBTS9 (17),Cow,648.5654,21.1019,20.37085,18.69851,17.85661
CBTS9 (170),Cow,647.8514,13.80827,13.06868,12.10992,11.96327
CBTS9 (171),Cow,670.1855,13.30724,13.10901,12.40632,12.05467
CBTS9 (173),Cow,645.2806,14.26201,13.47067,12.48526,12.28948
CBTS9 (174),Cow,640.1328,13.15471,12.5978,12.33193,11.97963
CBTS9 (176),Cow,630.4253,14.09733,12.88979,12.78854,12.53454
CBTS9 (178),Cow,649.5309,15.25329,13.7124,13.35526,13.03279
CBTS9 (179),Cow,675.1642,12.71902,12.51114,12.00412,11.90119
CBTS9 (18),Cow,655.2519,16.38196,15.48415,14.96786,14.0034
CBTS9 (180),Cow,674.8337,13.87092,12.49214,12.25173,12.09711
CBTS9 (181),Cow,670.2787,14.08613,13.33238,13.26559,13.16046
CBTS9 (182),Cow,661.3554,14.3847,13.74556,13.02631,12.55133
CBTS9 (183),Cow,677.2217,13.75333,13.40012,13.01292,12.86287
CBTS9 (186),Cow,673.4643,11.49852,11.23278,10.76781,10.54002
CBTS9 (187),Cow,662.339,13.57198,12.61742,12.31139,11.83312
CBTS9 (188),Cow,660.4541,13.02722,12.15712,11.85626,11.48708
CBTS9 (19),Cow,658.8172,17.84758,16.68155,16.09227,14.4892
CBTS9 (190),Cow,673.4832,15.47884,14.53068,14.23796,14.10602
CBTS9 (191),Cow,688.0532,13.16846,12.53117,12.39833,12.15759
CBTS9 (194),Cow,674.9558,14.82474,14.45707,13.58196,13.34744
CBTS9 (195),Cow,684.0048,13.26019,12.42185,12.25332,12.05516
CBTS9 (196),Cow,652.6281,12.91544,12.27855,11.67795,11.39747
CBTS9 (197),Cow,653.7849,14.30724,13.58009,12.91035,12.38158
CBTS9 (198),Cow,657.7385,14.40727,13.67911,12.88256,12.37402
CBTS9 (199),Cow,627.3539,18.53412,17.06158,16.42491,15.98868
CBTS9 (2),Cow,642.6031,18.03709,17.05148,16.10013,15.84058
CBTS9 (20),Cow,678.2231,15.87768,15.45676,14.04792,13.49658
CBTS9 (200),Cow,632.4559,17.9579,16.84616,15.36379,14.46729
CBTS9 (201),Cow,618.4424,18.48984,16.68539,15.99628,15.00823
CBTS9 (203),Cow,594.3653,19.63052,19.2247,17.82779,16.49689
CBTS9 (204),Cow,648.3632,14.11437,13.44831,12.56304,12.3572
CBTS9 (205),Cow,672.0876,14.4782,14.23797,14.06343,13.51567
CBTS9 (207),Cow,652.9029,13.95978,13.12307,12.50674,12.3273
CBTS9 (208),Cow,672.7316,12.40282,11.59912,11.51905,11.16234
CBTS9 (209),Cow,669.1463,13.20083,12.57578,12.35222,11.85539
CBTS9 (21),Cow,657.5711,17.41337,16.59458,16.50198,15.79848
CBTS9 (210),Cow,659.509,15.00338,14.68659,13.93927,13.77558
CBTS9 (211),Cow,657.6652,13.62991,12.91853,12.53643,12.2753
CBTS9 (213),Cow,656.0698,13.84353,13.13944,12.95807,12.72144
CBTS9 (214),Cow,678.2385,12.90979,12.54935,11.55995,11.34268
CBTS9 (215),Cow,675.9243,15.53279,15.31043,13.74969,13.38297
CBTS9 (216),Cow,672.2165,14.6531,14.11293,12.99368,12.4221
CBTS9 (217),Cow,655.9573,13.90929,13.274,12.91121,12.4012
CBTS9 (218),Cow,660.2076,15.33951,13.39579,13.14834,12.51674
CBTS9 (219),Cow,652.106,15.35473,14.91244,14.23654,13.55987
CBTS9 (22),Cow,662.0072,16.01291,15.44657,14.96694,14.38391
CBTS9 (221),Cow,681.4129,16.53011,14.99615,14.51347,13.9512
CBTS9 (223),Cow,671.6533,16.33636,15.04271,14.59367,14.4756
CBTS9 (224),Cow,660.393,19.83137,18.32723,17.87732,16.7028
CBTS9 (23),Cow,662.5563,16.77739,16.24326,15.63284,14.99657
CBTS9 (24),Cow,668.6341,14.20377,13.80422,13.33481,12.74139
CBTS9 (26),Cow,681.6447,13.62628,13.53601,13.14823,12.73488
CBTS9 (27),Cow,687.8203,15.29689,14.72467,14.49711,14.22635
CBTS9 (29),Cow,695.4043,14.99058,14.38157,13.98367,13.4394
CBTS9 (3),Cow,663.6571,16.06235,15.4224,14.75255,14.46058
CBTS9 (30),Cow,677.3465,28.5129,14.79797,14.2093,13.80042
CBTS9 (33),Cow,678.6034,17.0177,16.16353,15.24808,14.54285
CBTS9 (34),Cow,687.783,15.56417,14.99061,14.45203,14.15298
CBTS9 (36),Cow,671.8599,16.03313,14.77207,14.40975,14.18683
CBTS9 (37),Cow,666.7171,17.08587,16.27492,15.24953,15.01242
CBTS9 (38),Cow,671.0542,16.05919,15.48485,14.71235,14.48023
CBTS9 (39),Cow,631.194,17.73403,17.44482,16.78971,16.37755
CBTS9 (4),Cow,662.1597,16.2903,16.14831,15.18602,14.7038
CBTS9 (40),Cow,628.2839,18.96304,18.0192,17.83538,16.78359
CBTS9 (41),Cow,638.7188,18.0783,17.52818,17.43743,16.17029
CBTS9 (42),Cow,666.7131,16.76673,15.29914,15.14444,14.48427
CBTS9 (43),Cow,662.0485,15.20237,14.74923,14.32534,13.8733
CBTS9 (44),Cow,654.1762,13.59506,13.5003,13.19022,12.95102
CBTS9 (45),Cow,669.5062,13.89021,13.66856,13.30494,12.64095
CBTS9 (46),Cow,666.3948,15.13752,14.20373,13.9864,13.37486
CBTS9 (48),Cow,671.0846,13.94095,13.47784,12.64649,12.31018
CBTS9 (49),Cow,674.9606,13.66943,12.94661,12.49759,11.98511
CBTS9 (50),Cow,678.2793,13.88802,13.62631,12.69742,12.15998
CBTS9 (51),Cow,686.153,13.38104,13.01623,12.63299,12.06604
CBTS9 (52),Cow,691.0536,12.96529,12.40818,12.29024,11.95886
CBTS9 (57),Cow,659.4693,14.81067,14.42225,13.94795,13.48481
CBTS9 (58),Cow,656.5353,15.91696,15.37672,14.5409,14.1771
CBTS9 (59),Cow,673.8286,14.59428,13.9219,13.27969,12.45565
CBTS9 (60),Cow,658.2999,17.5545,15.85897,15.03804,14.85084
CBTS9 (62),Cow,646.3498,18.51143,18.33246,16.90108,15.90715
CBTS9 (63),Cow,644.4083,16.64035,16.27279,15.10566,14.43688
CBTS9 (64),Cow,629.9652,16.361,15.94225,15.5347,15.01754
CBTS9 (65),Cow,624.8901,18.95798,17.80201,17.32276,16.76034
CBTS9 (66),Cow,628.5483,17.63114,16.19395,15.70681,15.32626
CBTS9 (67),Cow,630.4318,17.00313,15.93136,15.64652,14.70317
CBTS9 (69),Cow,628.7733,15.74352,15.49579,14.87367,14.51493
CBTS9 (7),Cow,693.5242,14.1596,13.73656,13.4142,13.10338
CBTS9 (70),Cow,642.4076,16.47908,15.63025,15.41656,14.73073
CBTS9 (71),Cow,646.7977,16.7842,16.00213,15.08958,14.165
CBTS9 (72),Cow,645.739,15.91089,15.33012,14.95685,14.06133
CBTS9 (73),Cow,663.0497,14.39626,13.49487,13.40143,13.21248
CBTS9 (74),Cow,672.1473,13.42879,12.69859,12.3883,11.79524
CBTS9 (75),Cow,674.9611,14.52482,13.78726,13.54316,12.97986
CBTS9 (76),Cow,669.5601,14.49911,13.82334,13.48498,12.86763
CBTS9 (77),Cow,675.6768,13.36499,12.68857,12.17778,11.81892
CBTS9 (78),Cow,674.7485,13.35642,13.01487,12.34581,12.30557
CBTS9 (79),Cow,673.5062,13.46255,12.75048,12.61175,12.21696
CBTS9 (8),Cow,683.2797,15.55033,15.24063,14.00918,13.8245
CBTS9 (81),Cow,690.8083,11.75513,11.34182,11.1346,11.06958
CBTS9 (82),Cow,683.9378,13.56667,12.55421,12.04891,11.7861
CBTS9 (83),Cow,676.1788,13.41721,13.25773,12.79988,12.39478
CBTS9 (84),Cow,674.7546,14.29761,13.46002,13.21346,12.77328
CBTS9 (85),Cow,667.135,14.15676,13.47048,12.75976,12.56447
CBTS9 (86),Cow,649.4571,15.74051,14.53422,13.71653,13.22548
CBTS9 (87),Cow,649.5584,13.82221,13.25827,12.96904,12.43686
CBTS9 (88),Cow,662.0176,14.19988,13.89294,13.04014,12.57976
CBTS9 (89),Cow,654.3074,14.16641,13.38987,12.75267,12.48317
CBTS9 (9),Cow,686.9661,14.60647,13.92455,13.7168,13.26983
CBTS9 (90),Cow,636.0049,14.71556,13.95759,13.47994,13.31617
CBTS9 (91),Cow,632.4161,13.15435,13.03617,12.55498,11.95631
CBTS9 (93),Cow,663.6847,14.29041,13.99919,13.50486,13.24393
CBTS9 (94),Cow,658.2259,13.77315,13.25843,12.88107,12.39723
CBTS9 (95),Cow,655.2563,13.04912,12.74663,12.37111,12.02209
CBTS9 (96),Cow,649.138,14.56053,13.96696,13.09395,12.89522
CBTS9 (97),Cow,638.8292,13.96683,13.60339,13.38514,12.63232
CBTS9 (98),Cow,641.7978,14.62264,13.86034,13.0855,12.85376
G1 (1),Goat,786.0259,30.10662,26.35408,25.3218,23.18503
G1 (10),Goat,775.5328,29.47992,26.98364,24.26471,23.78138
G1 (11),Goat,766.3616,28.99511,25.6927,23.71467,22.06366
G1 (12),Goat,763.1366,32.90279,31.25675,26.48012,25.77096
G1 (13),Goat,779.9875,32.50582,26.73286,24.8255,23.63338
G1 (15),Goat,770.7248,28.10581,25.5715,23.48516,21.36817
G1 (16),Goat,742.1104,35.97936,28.98797,25.85222,23.82697
G1 (17),Goat,756.7684,26.26266,24.96452,24.59637,22.5363
G1 (18),Goat,761.644,32.53744,28.39602,25.46437,23.95721
G1 (19),Goat,767.8113,27.5736,24.98684,22.31788,21.62992
G1 (2),Goat,756.5152,30.1327,27.05023,25.62157,22.71767
G1 (20),Goat,755.1247,26.89331,25.50463,23.96492,23.14197
G1 (21),Goat,755.9596,28.68249,23.60001,22.97196,21.74902
G1 (23),Goat,739.3602,33.91929,27.48785,24.97407,23.82975
G1 (24),Goat,763.027,29.05176,26.34475,23.90377,22.72961
G1 (3),Goat,754.8133,27.32208,24.62489,24.1065,21.80246
G1 (4),Goat,771.8362,27.65638,24.64743,22.44294,21.18774
G1 (5),Goat,761.6039,30.42773,27.88058,27.42359,25.38232
G1 (7),Goat,755.4703,29.81629,26.37588,24.49726,23.28543
G1 (8),Goat,780.9881,30.84144,28.31049,23.16921,21.50828
G1 (9),Goat,771.3399,30.15691,26.87897,26.32856,24.92909
GBTS16 (1),Goat,724.8448,57.88121,43.85122,41.01567,35.80651
GBTS16 (10),Goat,733.1901,44.88802,40.04655,38.13732,34.51104
GBTS16 (100),Goat,709.4435,43.56635,36.84383,33.34984,29.02244
GBTS16 (101),Goat,737.2358,38.23504,33.83136,28.53391,26.56875
GBTS16 (102),Goat,766.7774,36.18117,35.38566,30.12544,28.34823
GBTS16 (103),Goat,722.5401,43.72189,38.68137,32.572,30.39455
GBTS16 (104),Goat,730.3208,36.13189,34.28471,29.72027,27.86541
GBTS16 (105),Goat,730.3975,36.30106,33.97373,29.66236,27.82875
GBTS16 (106),Goat,774.2403,35.62192,31.52843,30.55223,26.89662
GBTS16 (108),Goat,735.7913,36.47917,33.16288,31.62794,28.29383
GBTS16 (109),Goat,767.2977,37.30069,32.78779,28.29371,26.94105
GBTS16 (110),Goat,731.2166,49.03255,44.47441,36.4476,29.14822
GBTS16 (111),Goat,712.1007,53.40902,47.45911,42.59681,32.79849
GBTS16 (112),Goat,742.2029,50.36549,44.29446,41.44364,37.87846
GBTS16 (113),Goat,683.4303,48.2866,45.13703,37.99113,31.91056
GBTS16 (115),Goat,714.4245,48.60106,43.7325,40.89043,33.8084
GBTS16 (116),Goat,740.8915,49.47673,42.57197,38.17861,34.68871
GBTS16 (118),Goat,754.7871,44.14941,35.53918,32.24146,30.57861
GBTS16 (12),Goat,738.1318,44.42832,42.09934,36.54215,33.54936
GBTS16 (120),Goat,744.2607,41.42528,32.45485,29.8691,25.66844
GBTS16 (121),Goat,737.1509,43.23,35.99974,32.41922,26.91516
GBTS16 (123),Goat,737.072,33.71685,32.71447,31.06623,27.33064
GBTS16 (124),Goat,753.7282,51.1297,47.3517,39.78459,33.0825
GBTS16 (125),Goat,737.8002,42.66909,39.9676,39.81916,33.33413
GBTS16 (126),Goat,709.3352,51.54632,43.53874,41.74694,35.50992
GBTS16 (127),Goat,748.1898,48.61611,46.8981,34.4081,31.63475
GBTS16 (128),Goat,744.4657,45.82526,38.59745,34.93414,32.73665
GBTS16 (129),Goat,712.6546,44.23249,39.63946,38.59188,33.43109
GBTS16 (13),Goat,718.254,50.11221,42.31646,37.2725,35.85137
GBTS16 (131),Goat,713.2053,55.85961,49.09021,37.25542,33.44874
GBTS16 (132),Goat,696.1853,44.20655,42.47512,35.86435,35.34755
GBTS16 (133),Goat,713.277,36.59558,32.49986,31.24981,29.75648
GBTS16 (134),Goat,721.4669,33.36005,30.63009,29.30785,28.07637
GBTS16 (135),Goat,713.0931,36.57172,32.27642,29.79806,28.70309
GBTS16 (136),Goat,717.8952,35.38846,33.12732,31.17214,28.95872
GBTS16 (137),Goat,729.4861,33.01855,30.89753,29.82841,26.24353
GBTS16 (138),Goat,747.4606,36.18803,33.17104,30.04773,27.83399
GBTS16 (14),Goat,728.6638,38.16428,36.4491,34.53977,32.83803
GBTS16 (140),Goat,731.7709,36.87342,33.6357,27.4356,26.16418
GBTS16 (141),Goat,698.7914,43.45965,37.4074,34.14416,29.68041
GBTS16 (142),Goat,741.5207,44.94254,32.81732,31.84885,30.80403
GBTS16 (143),Goat,742.6147,59.9241,43.91004,38.37378,33.26284
GBTS16 (144),Goat,746.25,52.59042,42.82141,36.56559,34.37612
GBTS16 (145),Goat,710.8445,49.61662,44.54596,43.24824,37.3229
GBTS16 (146),Goat,739.6213,48.86296,45.06776,40.80472,33.96801
GBTS16 (147),Goat,752.792,50.37081,47.38605,37.69442,33.88964
GBTS16 (148),Goat,734.3673,41.83751,34.39667,26.80636,26.01155
GBTS16 (149),Goat,724.5236,49.55494,36.82059,32.24428,30.03467
GBTS16 (15),Goat,735.8702,37.30115,34.92431,32.34303,30.62027
GBTS16 (151),Goat,709.6197,43.03753,39.22902,34.69887,32.0646
GBTS16 (153),Goat,751.0197,36.88764,34.0229,32.67986,32.19868
GBTS16 (154),Goat,757.0316,39.834,34.95683,34.11647,30.77372
GBTS16 (155),Goat,756.8747,44.07994,37.57201,35.64312,34.09596
GBTS16 (156),Goat,738.4003,39.7017,37.08913,31.55492,29.69604
GBTS16 (158),Goat,733.9304,34.01166,29.22578,25.19674,24.59739
GBTS16 (159),Goat,756.2678,31.54544,30.53497,26.28513,24.25494
GBTS16 (16),Goat,726.3535,43.2169,34.86231,33.76869,31.29081
GBTS16 (160),Goat,759.3177,29.50445,26.83283,25.54492,24.06363
GBTS16 (161),Goat,732.3095,32.382,28.48423,26.46629,24.66007
GBTS16 (162),Goat,704.2133,34.31193,31.22942,31.0739,28.9043
GBTS16 (163),Goat,722.7128,34.17754,32.86018,31.11237,29.24224
GBTS16 (164),Goat,734.8956,36.12314,33.13363,29.50448,27.46462
GBTS16 (165),Goat,776.0755,42.33637,33.65179,29.42037,28.10907
GBTS16 (167),Goat,767.7379,38.33764,32.34762,31.46096,28.59679
GBTS16 (169),Goat,717.0376,47.23357,39.35806,36.92655,32.53152
GBTS16 (172),Goat,720.5287,41.50766,32.54834,29.6753,29.06226
GBTS16 (174),Goat,734.222,35.53585,34.63265,33.31545,29.4727
GBTS16 (175),Goat,720.6657,40.58253,38.32313,35.16112,31.20279
GBTS16 (176),Goat,721.6617,42.37878,42.16001,35.50152,32.10101
GBTS16 (177),Goat,740.5385,49.56199,45.86649,42.05959,31.36014
GBTS16 (18),Goat,745.1071,38.9216,37.11937,34.82319,31.82361
GBTS16 (19),Goat,745.5745,45.40308,42.37997,34.2883,30.32359
GBTS16 (2),Goat,721.5216,38.05884,36.31514,31.82567,28.7286
GBTS16 (20),Goat,765.1726,42.99418,35.50743,31.85989,29.93109
GBTS16 (21),Goat,753.7462,41.17698,38.85631,33.51784,31.22151
GBTS16 (22),Goat,738.259,42.85265,37.43316,33.10766,30.58156
GBTS16 (23),Goat,720.752,43.4682,38.79278,36.85321,33.57261
GBTS16 (24),Goat,729.0408,44.89636,40.39945,34.12166,33.73234
GBTS16 (25),Goat,745.381,43.60088,34.36474,33.77117,32.21423
GBTS16 (26),Goat,735.7425,35.19536,32.4517,32.27116,30.56961
GBTS16 (27),Goat,724.0103,31.73673,29.72756,28.95955,27.0886
GBTS16 (28),Goat,748.5295,35.4509,31.82172,29.54307,29.11327
GBTS16 (29),Goat,711.1311,46.07712,40.76531,36.73268,31.32234
GBTS16 (3),Goat,709.2164,46.82674,37.79676,36.05331,31.62286
GBTS16 (30),Goat,721.2705,42.91125,38.61008,34.50161,28.14795
GBTS16 (31),Goat,717.2986,49.52061,40.43713,34.43351,29.97622
GBTS16 (32),Goat,711.5616,50.35609,43.36006,39.79734,36.47866
GBTS16 (33),Goat,718.4988,44.73561,40.12475,33.25025,29.21288
GBTS16 (34),Goat,723.8453,53.63181,36.50695,34.22005,26.74515
GBTS16 (37),Goat,670.9551,55.18214,36.076,33.21451,30.70145
GBTS16 (38),Goat,724.9334,58.70672,43.31604,36.66667,34.34078
GBTS16 (39),Goat,722.9519,53.76232,41.83674,41.10151,34.47213
GBTS16 (4),Goat,721.2598,39.66075,37.69408,31.67274,28.55468
GBTS16 (42),Goat,680.3551,49.21111,39.79356,32.68966,30.54706
GBTS16 (44),Goat,744.292,38.08957,34.45023,31.68426,28.3614
GBTS16 (46),Goat,721.936,41.33484,36.23738,34.7552,31.71136
GBTS16 (47),Goat,754.8981,44.4477,36.21742,32.1821,29.17535
GBTS16 (48),Goat,762.2441,47.90179,34.8387,29.90708,27.519
GBTS16 (49),Goat,749.2567,40.26192,36.283,34.07563,31.31599
GBTS16 (5),Goat,694.5374,40.17111,37.64686,30.33142,30.02815
GBTS16 (50),Goat,741.3169,37.49568,35.39352,27.56111,25.4494
GBTS16 (51),Goat,749.4708,45.10558,37.25992,26.98581,24.42189
GBTS16 (54),Goat,748.4732,38.64329,37.13324,33.17461,31.14248
GBTS16 (55),Goat,742.3889,41.48222,35.38083,29.83961,28.63776
GBTS16 (56),Goat,737.2111,39.44643,34.93161,32.67317,28.69819
GBTS16 (57),Goat,732.7578,41.35857,27.05417,25.29188,24.00861
GBTS16 (58),Goat,720.0274,38.61509,35.14094,33.59382,27.23419
GBTS16 (59),Goat,722.7689,40.82934,35.58981,31.05629,26.52125
GBTS16 (6),Goat,731.5921,44.94873,42.32687,36.61673,32.26736
GBTS16 (61),Goat,698.5599,47.40425,43.00286,35.65348,32.2634
GBTS16 (62),Goat,754.0268,44.41096,37.29957,29.87889,27.00895
GBTS16 (63),Goat,672.8446,49.28208,39.22187,35.48843,33.43298
GBTS16 (65),Goat,712.2554,44.62367,41.29551,38.07625,33.46769
GBTS16 (68),Goat,750.6069,49.29264,40.13002,32.0767,29.58086
GBTS16 (69),Goat,752.4953,50.69948,47.09504,41.45194,36.25073
GBTS16 (71),Goat,717.2841,44.41663,37.28327,36.43467,32.84671
GBTS16 (72),Goat,743.4718,35.50497,32.67978,27.54887,24.22215
GBTS16 (73),Goat,743.3998,37.24926,34.50256,31.81748,29.46272
GBTS16 (74),Goat,719.1322,37.49329,32.41201,27.94715,26.99838
GBTS16 (75),Goat,715.1431,36.78784,33.70529,30.70221,28.72996
GBTS16 (77),Goat,735.343,49.9185,34.86948,32.57985,31.42405
GBTS16 (78),Goat,747.0865,55.93136,51.81894,46.25985,35.85824
GBTS16 (79),Goat,727.2054,50.13619,42.3768,39.17482,35.21454
GBTS16 (8),Goat,745.1267,43.87489,38.38165,35.86378,34.82076
GBTS16 (80),Goat,726.6909,54.25062,41.99309,38.06909,34.30949
GBTS16 (81),Goat,710.9876,58.66633,47.49881,39.23377,30.96681
GBTS16 (82),Goat,759.8824,48.89566,42.47526,40.33751,32.97777
GBTS16 (83),Goat,752.8377,57.21663,44.78449,39.60303,36.20483
GBTS16 (84),Goat,747.7739,48.08309,43.33333,40.37525,35.40041
GBTS16 (85),Goat,769.3008,50.21429,45.12605,41.00466,34.44909
GBTS16 (86),Goat,699.2672,53.12099,47.63009,38.88809,35.9684
GBTS16 (87),Goat,718.0161,52.95117,47.65075,38.84383,35.85794
GBTS16 (88),Goat,721.7305,63.14135,44.37389,42.09861,32.56498
GBTS16 (89),Goat,702.8093,43.50829,40.05844,37.33994,34.00186
GBTS16 (9),Goat,761.6346,39.21204,38.19635,33.51,31.44028
GBTS16 (91),Goat,673.5389,42.03515,34.86488,33.70947,31.97664
GBTS16 (94),Goat,744.9963,41.69212,38.17007,32.61726,32.03167
GBTS16 (95),Goat,747.0144,35.07707,29.53201,28.32579,27.34931
GBTS16 (96),Goat,737.4835,38.13314,31.73694,30.40769,29.22713
GBTS16 (98),Goat,750.647,34.30482,30.61269,26.90358,26.30376
GBTS16 (99),Goat,738.5494,37.57471,34.1905,31.71142,29.27772
GBTS5 (1),Goat,497.2451,16.21993,14.86405,14.6838,13.80796
GBTS5 (10),Goat,513.5948,14.26333,13.4363,12.63041,12.15238
GBTS5 (100),Goat,486.8125,12.6993,12.21897,12.0977,11.66058
GBTS5 (101),Goat,473.8989,16.07614,14.23983,12.97747,12.80974
GBTS5 (102),Goat,467.2694,15.72406,15.37359,14.2475,13.34789
GBTS5 (104),Goat,473.8371,13.97969,13.61112,12.88673,12.39722
GBTS5 (107),Goat,468.246,16.36814,15.25581,14.98544,14.20574
GBTS5 (13),Goat,517.6449,12.98483,11.98059,11.54389,11.32434
GBTS5 (15),Goat,513.7365,13.8924,13.38792,12.52485,11.89059
GBTS5 (16),Goat,515.315,14.20454,13.44664,12.89233,12.82837
GBTS5 (17),Goat,508.7972,15.35023,15.0021,13.84367,13.66209
GBTS5 (18),Goat,512.2715,14.49659,13.83601,13.18338,12.76574
GBTS5 (19),Goat,507.4189,15.93199,15.03639,13.72298,13.51882
GBTS5 (2),Goat,504.6604,16.20883,14.94199,14.70713,13.81183
GBTS5 (20),Goat,495.3565,14.44304,13.29622,13.11986,12.52382
GBTS5 (22),Goat,503.9217,17.14181,15.4554,14.2513,13.78508
GBTS5 (23),Goat,506.4892,15.5072,14.47773,13.94472,13.62372
GBTS5 (24),Goat,512.0538,17.76593,16.21005,14.97302,14.12065
GBTS5 (25),Goat,510.9732,16.14162,14.31101,13.68577,13.48371
GBTS5 (26),Goat,505.4564,16.47464,15.16215,14.95957,14.03372
GBTS5 (28),Goat,503.7087,15.26529,14.18419,13.55915,13.40016
GBTS5 (29),Goat,495.5038,15.50059,14.11875,13.71011,13.26252
GBTS5 (3),Goat,504.7379,14.55706,13.63968,13.01249,12.45207
GBTS5 (30),Goat,495.0853,14.54929,14.19836,13.52052,13.17884
GBTS5 (31),Goat,495.5579,17.69143,15.29099,14.88344,13.84026
GBTS5 (32),Goat,500.0959,17.33759,14.39647,13.61158,13.02907
GBTS5 (33),Goat,492.4022,17.24357,16.41661,14.38423,14.32805
GBTS5 (34),Goat,495.4923,16.67968,16.45569,15.74816,15.31275
GBTS5 (36),Goat,491.0815,18.63677,17.47348,16.16991,15.94318
GBTS5 (37),Goat,499.4021,19.25077,18.04243,16.74403,16.16434
GBTS5 (38),Goat,497.1234,18.02364,16.63281,16.06762,15.31947
GBTS5 (39),Goat,500.2266,15.77572,15.25299,14.63056,14.03736
GBTS5 (4),Goat,508.4059,14.11131,13.62004,13.2862,12.80977
GBTS5 (40),Goat,500.2075,16.13549,14.69834,14.51791,14.02923
GBTS5 (42),Goat,498.5973,14.82611,14.26195,13.49128,12.56024
GBTS5 (43),Goat,491.4987,16.40567,14.98689,14.42218,14.0513
GBTS5 (44),Goat,502.0383,14.04501,13.61733,12.54752,12.4174
GBTS5 (45),Goat,507.901,15.3389,13.84903,13.68751,12.79094
GBTS5 (47),Goat,511.1422,15.40569,14.61865,14.27816,13.50263
GBTS5 (48),Goat,507.2979,16.61162,15.26726,14.41928,13.80408
GBTS5 (50),Goat,508.396,16.09493,15.315,14.2972,13.36752
GBTS5 (52),Goat,487.065,15.14926,14.40093,13.9674,13.17793
GBTS5 (55),Goat,514.3758,13.95095,13.00656,12.54838,11.61547
GBTS5 (56),Goat,505.7794,15.8471,14.55198,13.71151,12.80021
GBTS5 (57),Goat,510.4681,14.7833,13.93555,13.00069,12.60962
GBTS5 (59),Goat,497.0753,15.00329,13.85832,12.89047,12.6778
GBTS5 (6),Goat,513.6458,14.17628,13.2788,12.95033,12.69931
GBTS5 (60),Goat,501.0067,13.43117,13.34801,12.65699,12.60236
GBTS5 (61),Goat,500.3542,15.88378,13.76377,13.19194,12.53773
GBTS5 (62),Goat,498.3054,15.50197,14.33205,13.55535,12.21136
GBTS5 (64),Goat,499.659,18.3507,18.21012,16.76471,16.12932
GBTS5 (65),Goat,502.7583,15.83027,14.41113,13.90119,13.06005
GBTS5 (67),Goat,502.7946,15.3685,14.56631,14.30547,13.19558
GBTS5 (69),Goat,508.3174,14.01173,13.06066,12.55455,12.05589
GBTS5 (70),Goat,507.6364,15.58735,14.42272,13.41826,13.13999
GBTS5 (71),Goat,515.5789,15.44945,14.68097,13.45018,13.06755
GBTS5 (72),Goat,511.3572,16.46681,15.88741,14.63448,13.8275
GBTS5 (73),Goat,506.0477,17.22048,15.50266,15.10193,14.27233
GBTS5 (75),Goat,504.8954,15.39892,15.0195,14.04975,13.43621
GBTS5 (76),Goat,506.665,14.77518,13.50757,12.94472,12.54069
GBTS5 (77),Goat,499.9839,14.63885,14.3161,13.90811,13.48915
GBTS5 (78),Goat,467.7881,17.1236,16.79951,16.52718,15.30965
GBTS5 (79),Goat,490.5009,18.72357,16.93695,15.19478,14.70693
GBTS5 (8),Goat,509.3232,15.9029,14.44089,13.97558,13.12028
GBTS5 (81),Goat,488.9731,16.13373,15.53393,14.72835,13.78622
GBTS5 (82),Goat,492.7688,17.6014,16.79269,15.99891,14.65601
GBTS5 (85),Goat,492.4767,16.18048,14.86536,14.0291,13.41933
GBTS5 (86),Goat,491.6335,15.23529,14.82744,14.02469,13.4394
GBTS5 (87),Goat,511.2821,15.6245,13.03032,12.79184,12.65202
GBTS5 (88),Goat,518.302,14.57415,13.44308,12.44521,12.17699
GBTS5 (9),Goat,510.9478,15.08981,13.62195,13.51848,12.9134
GBTS5 (93),Goat,469.8412,16.81703,15.28277,14.10771,13.47714
GBTS5 (94),Goat,497.913,14.85614,13.59854,13.05738,12.76635
GBTS5 (95),Goat,500.7905,17.37757,15.6363,15.11158,14.31274
GBTS5 (96),Goat,502.6749,15.48463,13.66289,13.48064,12.65028
GBTS5 (97),Goat,493.3217,14.1667,13.50631,13.09959,12.60207
GBTS5 (98),Goat,494.1254,13.20075,12.89919,11.85443,11.49996
GBTS5 (99),Goat,488.9657,13.57376,13.31735,12.64961,12.52607
S1 (1),Sheep,778.7442,26.26191,24.71051,22.22456,20.75979
S1 (10),Sheep,787.6228,25.0414,23.98459,22.77326,22.49483
S1 (11),Sheep,803.5795,25.01431,22.46831,21.05507,20.58067
S1 (12),Sheep,808.4607,25.85532,25.13177,24.05931,23.03194
S1 (13),Sheep,794.6602,21.65437,20.49322,19.19637,18.4457
S1 (14),Sheep,782.0366,21.25102,18.99129,17.99161,16.71794
S1 (16),Sheep,773.3424,22.72111,21.03084,20.34331,19.245
S1 (18),Sheep,787.8831,21.86056,20.38975,19.82081,17.57538
S1 (2),Sheep,802.2057,26.14514,22.99575,21.18668,20.83098
S1 (20),Sheep,752.8465,27.97625,24.83023,23.15992,22.57219
S1 (21),Sheep,765.1005,28.78782,28.72502,28.04891,27.11109
S1 (23),Sheep,789.4606,31.1306,28.253,27.25547,25.18369
S1 (24),Sheep,783.9268,32.02016,28.84309,25.48845,24.3639
S1 (4),Sheep,794.8529,27.62641,27.00956,23.76453,23.72641
S1 (7),Sheep,800.1248,26.79311,24.3077,23.01366,21.40506
S1 (9),Sheep,799.2548,24.30524,22.40361,21.61585,20.79477
S11 (1),Sheep,773.4101,21.15259,20.17074,19.48114,17.87244
S11 (10),Sheep,797.2313,22.83067,20.10965,18.70114,18.4217
S11 (11),Sheep,801.2357,20.60475,19.38226,18.77699,17.33104
S11 (12),Sheep,811.4087,20.55538,18.94436,17.76339,16.79014
S11 (14),Sheep,815.6084,20.52178,18.95897,18.55379,16.75513
S11 (15),Sheep,802.974,18.64836,17.19064,16.74091,15.69438
S11 (16),Sheep,804.2728,18.87617,18.26432,16.40295,15.51662
S11 (17),Sheep,798.115,19.69999,19.2082,18.08941,15.93637
S11 (19),Sheep,796.3655,20.17845,18.61252,17.76148,17.40912
S11 (20),Sheep,777.2218,20.04365,19.85233,18.98809,18.32374
S11 (21),Sheep,776.7147,19.52255,19.24598,17.70342,17.10472
S11 (22),Sheep,754.8827,22.60167,21.19593,19.48592,17.59581
S11 (23),Sheep,778.0143,21.71253,18.013,17.14372,16.57047
S11 (24),Sheep,781.2252,18.40682,17.35313,16.82323,15.99214
S11 (25),Sheep,776.7591,17.81105,16.31005,15.84529,15.33404
S11 (3),Sheep,776.0473,17.63075,17.28386,16.17977,15.96268
S2 (1),Sheep,779.6775,19.76034,16.75302,16.00827,15.00874
S2 (10),Sheep,789.1701,20.2607,17.96352,17.33229,16.7245
S2 (11),Sheep,780.7252,21.41437,20.14323,19.02242,18.00825
S2 (12),Sheep,784.1115,19.42429,17.68628,16.61842,15.93113
S2 (13),Sheep,785.0652,18.69944,17.09182,16.42977,15.36787
S2 (14),Sheep,785.5006,19.77191,17.73927,16.96895,15.61058
S2 (16),Sheep,787.1728,19.24117,17.76379,16.17281,15.06664
S2 (17),Sheep,790.9058,18.43755,18.24252,17.82136,14.54013
S2 (18),Sheep,781.8766,20.85347,18.85031,18.07555,15.86581
S2 (19),Sheep,784.4619,18.30587,17.68326,16.92179,15.94799
S2 (2),Sheep,782.1312,18.01293,17.29723,16.05137,15.3925
S2 (3),Sheep,803.6141,19.0099,17.38963,17.10373,16.06184
S2 (4),Sheep,799.3484,20.21035,19.31511,18.13396,15.93037
S2 (5),Sheep,803.321,18.21795,17.26962,15.5324,15.05975
S2 (7),Sheep,793.2028,19.14939,17.81517,17.39926,15.94678
S2 (8),Sheep,787.6031,19.46767,17.54937,15.36194,14.2567
S2 (9),Sheep,788.415,18.79119,16.62269,15.83888,14.81002
S4 (10),Sheep,803.0307,14.97458,13.8274,13.59211,12.28235
S4 (11),Sheep,799.7865,19.26124,15.60269,15.14725,14.41406
S4 (14),Sheep,803.6707,14.97765,14.51101,13.24496,13.12892
S4 (15),Sheep,813.2678,16.22203,14.82217,14.37087,13.96517
S4 (16),Sheep,810.066,14.64659,14.36718,13.25164,12.7399
S4 (17),Sheep,790.8103,15.30345,13.34358,12.72808,11.92127
S4 (6),Sheep,783.2439,14.18585,13.46493,12.64916,12.24684
S4 (7),Sheep,783.8709,14.391,13.77572,13.04429,12.05559
S4 (9),Sheep,783.1416,17.62805,16.84826,16.12115,15.361
SBTS15 (1),Sheep,699.0707,19.23528,17.11937,16.72651,15.99279
SBTS15 (101),Sheep,682.2669,15.88531,15.22878,14.22063,13.97707
SBTS15 (102),Sheep,675.3119,17.84454,17.52146,17.15712,15.85983
SBTS15 (104),Sheep,680.056,19.44818,18.23538,17.79471,17.62738
SBTS15 (105),Sheep,694.5972,21.76268,20.93004,19.62342,18.44637
SBTS15 (106),Sheep,691.7085,24.77733,23.70584,20.65128,19.22611
SBTS15 (107),Sheep,687.5675,24.47712,23.91171,22.36326,20.6234
SBTS15 (109),Sheep,715.1229,18.42308,17.00352,16.46309,16.09183
SBTS15 (11),Sheep,675.4936,24.09913,20.79029,19.4588,18.50738
SBTS15 (110),Sheep,714.9597,14.071,13.50138,12.81693,12.45252
SBTS15 (111),Sheep,735.681,19.34304,17.32253,17.17044,15.54402
SBTS15 (112),Sheep,722.8445,18.4174,17.99934,17.47083,16.26599
SBTS15 (113),Sheep,719.9118,19.81189,17.45124,16.58609,16.19941
SBTS15 (114),Sheep,730.5985,18.45569,16.86243,16.348,15.96735
SBTS15 (116),Sheep,739.9208,17.75796,17.19742,15.94309,15.44206
SBTS15 (117),Sheep,734.464,16.89023,14.50842,13.81881,13.27311
SBTS15 (118),Sheep,649.6084,21.487,20.13362,18.95649,18.5489
SBTS15 (12),Sheep,710.5544,23.4096,20.54368,19.35707,18.37425
SBTS15 (121),Sheep,697.736,18.75842,16.0409,15.2822,14.85733
SBTS15 (122),Sheep,701.9983,17.7384,16.27023,16.13556,15.36741
SBTS15 (123),Sheep,679.6817,23.90765,21.90478,19.87139,18.45177
SBTS15 (124),Sheep,686.5753,23.68519,22.55173,20.25349,19.11128
SBTS15 (125),Sheep,693.6824,17.97415,17.54676,17.26946,17.04164
SBTS15 (126),Sheep,716.8394,18.05865,17.19828,16.83682,15.91699
SBTS15 (127),Sheep,747.1627,18.29212,16.9632,15.89953,15.54595
SBTS15 (128),Sheep,725.1562,20.63753,19.33398,18.54279,18.07991
SBTS15 (129),Sheep,718.569,23.97111,22.21345,20.63279,19.66247
SBTS15 (130),Sheep,704.8164,16.83192,16.16272,15.34158,15.00328
SBTS15 (131),Sheep,700.1329,17.98607,16.63755,15.91422,15.27192
SBTS15 (132),Sheep,718.123,21.3147,16.50754,15.84376,15.55597
SBTS15 (133),Sheep,680.2068,20.9916,18.05534,17.02293,16.09041
SBTS15 (135),Sheep,675.5618,24.07868,20.62389,19.40705,18.39366
SBTS15 (138),Sheep,689.3641,19.02616,18.24204,17.84302,16.75177
SBTS15 (14),Sheep,677.2412,21.89754,19.64387,18.45013,17.38155
SBTS15 (140),Sheep,699.0707,19.23528,17.11937,16.72651,15.99279
SBTS15 (16),Sheep,680.2068,20.9916,18.05534,17.02293,16.09041
SBTS15 (19),Sheep,718.123,21.3147,16.50754,15.84376,15.55597
SBTS15 (23),Sheep,691.919,23.14095,21.66077,20.47631,19.48369
SBTS15 (24),Sheep,718.569,23.97111,22.21345,20.63279,19.66247
SBTS15 (27),Sheep,709.9131,18.3574,17.70846,17.31451,16.84871
SBTS15 (3),Sheep,699.0146,19.92308,18.87077,18.17903,17.20557
SBTS15 (30),Sheep,725.1562,20.63753,19.33398,18.54279,18.07991
SBTS15 (31),Sheep,747.1627,18.29212,16.9632,15.89953,15.54595
SBTS15 (32),Sheep,716.8394,18.05865,17.19828,16.83682,15.91699
SBTS15 (35),Sheep,693.6824,17.97415,17.54676,17.26946,17.04164
SBTS15 (37),Sheep,679.6817,23.90765,21.90478,19.87139,18.45177
SBTS15 (4),Sheep,682.8984,20.43283,19.01012,17.87025,16.78324
SBTS15 (46),Sheep,692.6187,19.26976,18.30161,17.72057,16.47231
SBTS15 (47),Sheep,703.2393,18.23166,16.6855,16.26092,15.62445
SBTS15 (48),Sheep,701.5158,17.08455,15.82329,15.63252,14.58483
SBTS15 (49),Sheep,690.4578,18.0413,17.26164,15.73003,15.46576
SBTS15 (50),Sheep,649.6084,21.487,20.13362,18.95649,18.5489
SBTS15 (51),Sheep,662.9802,23.57937,17.3165,16.39925,15.1481
SBTS15 (53),Sheep,734.464,16.89023,14.50842,13.81881,13.27311
SBTS15 (54),Sheep,739.9208,17.75796,17.19742,15.94309,15.44206
SBTS15 (56),Sheep,730.5985,18.45569,16.86243,16.348,15.96735
SBTS15 (57),Sheep,732.2464,18.17479,17.42885,16.77298,16.21734
SBTS15 (58),Sheep,740.0141,21.52765,19.88511,18.82036,17.58741
SBTS15 (6),Sheep,689.3641,19.02616,18.24204,17.84302,16.75177
SBTS15 (62),Sheep,735.681,19.34304,17.32253,17.17044,15.54402
SBTS15 (63),Sheep,714.9597,14.071,13.50138,12.81693,12.45252
SBTS15 (66),Sheep,715.1229,18.42308,17.00352,16.46309,16.09183
SBTS15 (7),Sheep,711.0696,19.13962,18.06951,16.49182,15.55131
SBTS15 (73),Sheep,698.9791,20.15297,19.06705,18.99735,17.89555
SBTS15 (74),Sheep,687.5675,24.47712,23.91171,22.36326,20.6234
SBTS15 (76),Sheep,691.7085,24.77733,23.70584,20.65128,19.22611
SBTS15 (79),Sheep,708.0055,23.18053,21.62503,20.60509,18.91701
SBTS15 (81),Sheep,700.7095,17.401,16.13785,16.00797,15.13774
SBTS15 (83),Sheep,680.056,19.44818,18.23538,17.79471,17.62738
SBTS15 (84),Sheep,669.701,21.61765,20.81074,19.69422,19.08394
SBTS15 (86),Sheep,682.2669,15.88531,15.22878,14.22063,13.97707
SBTS15 (89),Sheep,680.0489,21.13296,20.68901,20.19745,19.19543
SBTS15 (90),Sheep,690.3915,18.49464,17.49696,16.25721,16.07318
SBTS15 (91),Sheep,671.1915,17.65293,16.54507,15.78801,15.58025
SBTS15 (94),Sheep,714.0831,23.96786,21.09023,20.41972,18.39214
SBTS15 (95),Sheep,658.0821,26.05571,23.43071,22.66539,22.23061
SBTS15 (96),Sheep,671.1915,17.65293,16.54507,15.78801,15.58025
SBTS15 (97),Sheep,690.3915,18.49464,17.49696,16.25721,16.07318
SBTS15 (98),Sheep,680.0489,21.13296,20.68901,20.19745,19.19543
SBTS3 (100),Sheep,728.688,16.85642,14.34184,13.72038,13.48447
SBTS3 (101),Sheep,780.8394,18.75651,16.21985,14.912,14.36109
SBTS3 (102),Sheep,780.7552,18.77475,16.25054,14.9318,14.36649
SBTS3 (103),Sheep,779.5226,17.97797,17.02258,16.39846,15.66454
SBTS3 (104),Sheep,783.5286,17.59686,16.75659,15.73227,14.47443
SBTS3 (105),Sheep,786.8014,18.16629,17.30236,15.76097,15.16594
SBTS3 (106),Sheep,769.2572,17.86302,17.08792,16.95976,15.29137
SBTS3 (107),Sheep,797.6119,23.6716,22.32027,19.47541,18.44128
SBTS3 (108),Sheep,802.8287,15.915,14.68831,13.9662,13.4182
SBTS3 (110),Sheep,791.1559,18.39499,16.44388,16.24401,16.02523
SBTS3 (111),Sheep,761.695,16.97081,16.39997,15.6285,14.76561
SBTS3 (112),Sheep,759.1252,16.24929,15.81266,15.13416,14.90357
SBTS3 (83),Sheep,762.411,16.44774,15.66204,14.76315,14.33801
SBTS3 (84),Sheep,800.9823,22.47354,21.79651,20.164,19.24604
SBTS3 (85),Sheep,778.5692,23.24016,18.93452,18.41683,17.01873
SBTS3 (86),Sheep,778.7415,22.2688,20.07467,18.71453,17.86683
SBTS3 (87),Sheep,782.7443,19.32633,17.52553,15.71131,14.82479
SBTS3 (88),Sheep,742.6942,18.03914,17.37067,16.58416,15.53167
SBTS3 (89),Sheep,782.7381,19.75685,17.3645,16.46568,16.38101
SBTS3 (90),Sheep,782.7625,19.79961,17.34807,16.51177,16.40623
SBTS3 (91),Sheep,750.3363,17.38895,16.61113,16.05681,14.61214
SBTS3 (93),Sheep,760.6161,17.36742,16.55516,14.92604,14.29882
SBTS3 (94),Sheep,740.6787,16.8237,16.23935,15.22019,13.63918
SBTS3 (95),Sheep,744.9462,18.39924,17.13906,14.61718,13.71692
SBTS3 (97),Sheep,751.4778,17.90915,16.18765,15.45711,13.77978
SBTS3 (99),Sheep,753.3362,15.85366,14.68147,14.13813,12.71103
SBTS6 (1),Sheep,716.7005,8.253274,7.761782,7.239194,6.628419
SBTS6 (10),Sheep,688.7937,12.10466,11.43402,10.75853,10.14424
SBTS6 (100),Sheep,722.7573,7.001468,6.614857,6.272035,5.995068
SBTS6 (101),Sheep,729.6721,9.028105,8.819244,8.126288,8.052715
SBTS6 (102),Sheep,710.5717,12.72801,12.64451,11.06807,10.65492
SBTS6 (103),Sheep,701.9183,11.93807,11.85439,11.4218,10.8062
SBTS6 (107),Sheep,738.1158,8.989613,8.524713,8.105691,7.683389
SBTS6 (11),Sheep,697.5115,9.242968,8.794279,8.057869,7.279554
SBTS6 (111),Sheep,737.0076,9.044566,8.464221,8.054386,7.92338
SBTS6 (112),Sheep,726.0401,10.56039,9.980929,9.532944,8.76435
SBTS6 (114),Sheep,722.7674,13.50802,12.6957,12.20722,11.48627
SBTS6 (115),Sheep,725.5148,10.84641,9.841146,9.581517,9.056122
SBTS6 (116),Sheep,731.2894,10.20328,9.050232,8.213908,8.077934
SBTS6 (117),Sheep,729.2064,9.847982,9.23167,8.806543,8.022351
SBTS6 (13),Sheep,695.4831,15.1426,8.17207,8.022916,7.173238
SBTS6 (14),Sheep,695.3381,15.17499,8.214243,8.023056,7.201569
SBTS6 (16),Sheep,688.6785,11.80678,10.67435,10.38596,9.741771
SBTS6 (17),Sheep,688.4474,11.78124,10.67247,10.38078,9.766634
SBTS6 (2),Sheep,690.2029,7.434732,6.560036,6.333392,5.961849
SBTS6 (26),Sheep,695.1067,8.56454,8.018168,7.57151,7.391608
SBTS6 (27),Sheep,689.7186,9.26236,8.504959,8.398991,7.70201
SBTS6 (29),Sheep,725.1524,9.463868,8.778716,8.274599,8.067844
SBTS6 (3),Sheep,691.1495,7.448691,6.53259,6.268399,5.909477
SBTS6 (30),Sheep,730.4136,9.723135,8.770555,8.173137,7.940214
SBTS6 (31),Sheep,725.0624,9.602597,8.432648,8.335141,8.102173
SBTS6 (32),Sheep,721.5506,11.44407,10.38186,9.629752,9.420636
SBTS6 (33),Sheep,718.3561,11.06118,10.59306,9.718727,9.329072
SBTS6 (34),Sheep,709.2099,12.00617,10.67408,10.32288,9.986153
SBTS6 (35),Sheep,720.2214,9.695098,8.815625,8.592513,8.099639
SBTS6 (37),Sheep,727.4698,11.52156,9.643011,8.673852,8.268246
SBTS6 (38),Sheep,699.9217,10.40009,9.89852,9.815819,9.08043
SBTS6 (4),Sheep,694.6181,8.168816,7.95058,6.952813,6.736509
SBTS6 (40),Sheep,720.3254,11.73532,9.963729,9.314403,9.130652
SBTS6 (42),Sheep,708.4549,11.71011,11.25724,10.80363,10.47079
SBTS6 (43),Sheep,726.0104,10.10177,9.400863,9.250692,9.095844
SBTS6 (44),Sheep,723.399,9.562539,9.416839,9.184704,8.566379
SBTS6 (45),Sheep,714.1908,10.5765,10.06243,9.981567,9.850757
SBTS6 (47),Sheep,708.897,13.33511,12.71134,11.52815,11.01672
SBTS6 (49),Sheep,719.2395,11.14184,9.846985,9.645152,9.287317
SBTS6 (50),Sheep,725.9062,9.644533,8.725678,8.622869,7.958067
SBTS6 (52),Sheep,730.6269,8.284471,8.203729,7.898902,7.504866
SBTS6 (53),Sheep,727.8683,9.613919,9.029602,8.798017,8.267416
SBTS6 (56),Sheep,727.3599,10.48148,9.457901,9.297943,9.228066
SBTS6 (58),Sheep,715.8767,11.13148,9.815571,9.582967,9.287985
SBTS6 (59),Sheep,723.3553,10.84664,9.669343,9.423013,9.23151
SBTS6 (6),Sheep,679.3568,15.0978,12.85739,11.38637,10.4838
SBTS6 (60),Sheep,717.1275,11.75916,10.93331,10.46337,9.596799
SBTS6 (61),Sheep,718.7891,11.13689,9.673922,9.48368,8.790932
SBTS6 (63),Sheep,718.5181,9.711019,9.40846,8.456511,8.264303
SBTS6 (65),Sheep,687.9537,11.68964,11.25177,11.21779,10.2559
SBTS6 (66),Sheep,717.6235,8.634295,8.066272,7.210243,6.291585
SBTS6 (67),Sheep,714.0163,7.609126,6.340854,6.169105,5.800218
SBTS6 (69),Sheep,721.601,8.953415,8.504574,7.701079,7.096377
SBTS6 (7),Sheep,679.3429,15.10381,12.87202,11.42271,10.44948
SBTS6 (70),Sheep,718.2068,11.92736,10.23674,9.452957,8.925537
SBTS6 (72),Sheep,706.2768,13.49944,12.93775,11.72451,11.54622
SBTS6 (73),Sheep,722.7975,9.504806,8.994796,8.066245,8.002706
SBTS6 (74),Sheep,721.645,8.837766,8.371236,8.15808,7.675097
SBTS6 (76),Sheep,718.5347,8.863108,8.586913,8.267149,7.589753
SBTS6 (77),Sheep,719.7707,9.30394,9.044488,8.622636,8.140431
SBTS6 (78),Sheep,719.9281,9.677575,8.974057,8.835011,8.561976
SBTS6 (79),Sheep,713.7754,10.82894,10.23986,9.9439,9.210333
SBTS6 (8),Sheep,672.899,12.8714,12.05429,11.81907,11.03564
SBTS6 (80),Sheep,712.0733,9.931096,9.694333,9.230183,8.627869
SBTS6 (82),Sheep,712.9956,8.799442,8.509348,8.164316,7.897606
SBTS6 (83),Sheep,714.3844,8.618665,7.725887,7.313675,6.916375
SBTS6 (84),Sheep,713.9758,8.807499,7.648913,7.019049,6.764589
SBTS6 (85),Sheep,727.3483,9.862544,9.56919,9.128399,7.916077
SBTS6 (88),Sheep,733.279,10.05093,9.479351,9.028688,8.284371
SBTS6 (89),Sheep,730.5672,10.15282,9.936341,9.147316,8.610166
SBTS6 (91),Sheep,722.7878,14.52282,12.87664,12.31219,12.22908
SBTS6 (93),Sheep,736.3241,8.942478,8.506896,8.195627,7.896553
SBTS6 (95),Sheep,740.1012,10.13969,8.154717,8.121019,7.813681
SBTS6 (96),Sheep,742.157,8.718312,7.933673,7.828616,7.694581
SBTS6 (97),Sheep,741.9266,9.331369,8.579121,8.153981,7.846091
SBTS6 (98),Sheep,726.1085,8.24135,8.119327,7.715815,7.081661
SBTS6 (99),Sheep,725.6334,7.557892,6.856126,6.686156,6.268154
